accident_date,accident_time,expw_step,weather_state,injur_man,injur_femel,dead_man,dead_femel,cause
2016-03-15,07:23:23,ศรีรัช,ปกติ,0,0,0,0,โรคประจำตัว
2016-07-27,12:22:22,ศรีรัช,ปกติ,0,0,0,0,-
2015-12-09,14:40:40,ศรีรัช,ปกติ,0,0,0,0,ทำโทรศัพย์หล่นแล้วก้มหยิบ
2016-08-20,17:01:01,ศรีรัช,ปกติ,0,0,0,0,ก้มหยิบเงิน
2016-04-23,09:18:18,ศรีรัช,ปกติ,0,0,0,0,บรรทุกหนัก
2016-09-17,07:55:55,ศรีรัช,ปกติ,1,1,0,0,เบรคกระทันหัน
2016-07-09,05:17:17,ฉลองรัช,ปกติ,0,0,0,0,หลบมีรถย้อนทาง
2016-07-30,04:20:20,ฉลองรัช,ปกติ,0,0,1,0,ขับสวนเลน
2016-08-04,12:50:50,ฉลองรัช,ปกติ,0,0,0,0,ถอยหลังชน
2016-06-20,03:45:45,ฉลองรัช,ปกติ,0,0,0,0,โรคประจำตัว
2016-06-22,22:59:59,ฉลองรัช,ปกติ,0,0,1,0,ขับย้อนทิศทางเดินรถ
2016-01-06,16:36:36,ฉลองรัช,ปกติ,0,0,0,0,ปกติ
2016-01-30,22:43:43,บูรพาวิถี,ปกติ,0,0,0,0,ขับรถประมาท
2016-02-25,23:50:50,บูรพาวิถี,ปกติ,1,0,0,0,ป่วย
2016-02-12,14:44:44,อุดรรัถยา,ปกติ,0,0,0,0,ก้มหาเงินค่าผ่านทาง
2016-09-02,13:30:30,อุดรรัถยา,ปกติ,0,0,0,0,ขับรถไม่ชำนาญ
2016-04-07,05:16:16,อุดรรัถยา,ปกติ,0,0,0,0,ก้มเก็บของ
2016-04-28,22:36:36,อุดรรัถยา,ปกติ,1,0,0,0,ก้มหยิบของ
2016-01-20,02:00:00,อุดรรัถยา,ปกติ,0,0,0,0,ขับรถเร็ว
2016-09-04,17:59:59,เฉลิมมหานคร,ปกติ,0,0,0,0,ขับรถออกมองไม่เห็น
2016-08-20,04:20:20,เฉลิมมหานคร,ปกติ,1,1,0,0,ขับย้อนศรแล้วชน
2016-01-31,09:37:37,เฉลิมมหานคร,ปกติ,0,0,0,0,โดนตัดหน้า
2016-02-11,15:16:16,เฉลิมมหานคร,ปกติ,1,0,0,0,โรคประจำตัว
2015-11-10,14:13:13,เฉลิมมหานคร,ปกติ,0,0,0,0,บรรทุกมาสูง
2016-02-04,11:30:30,บางพลี-สุขสวัสดิ์,ปกติ,1,0,0,0,ขับย้อนเส้นทาง
2016-06-22,09:49:49,บางพลี-สุขสวัสดิ์,ปกติ,0,0,0,0,ฝาท้ายตู้เปิด
2016-02-04,10:48:48,บางพลี-สุขสวัสดิ์,ปกติ,0,0,0,0,ลากกันมา
2016-08-02,17:25:25,ทางหลวงพิเศษหมายเลข 37,ปกติ,0,0,0,0,ถอยหลังชน
2016-06-01,09:37:37,ทางหลวงพิเศษหมายเลข 37,ปกติ,2,0,0,0,เดินรถในเลนฉุกเฉิน
2016-08-15,13:35:35,ทางหลวงพิเศษหมายเลข 37,ปกติ,0,0,1,0,ก้มเก็บของ
2016-09-24,09:23:23,บูรพาวิถี,ปกติ,0,0,0,0,ประมาท
2016-08-16,03:06:06,บูรพาวิถี,ปกติ,0,0,0,0,ประมาท
2016-07-24,22:10:10,อุดรรัถยา,ปกติ,0,0,0,0,ประมาท
2015-10-05,22:22:22,บางพลี-สุขสวัสดิ์,ปกติ,0,0,0,0,ประมาท
2015-10-17,04:53:53,บางพลี-สุขสวัสดิ์,ปกติ,1,0,0,0,ประมาท
2016-02-02,04:23:23,บางพลี-สุขสวัสดิ์,ปกติ,0,0,0,0,ประมาท
2015-12-11,01:42:42,ทางหลวงพิเศษหมายเลข 37,ปกติ,1,1,0,0,ประมาท
2016-01-16,04:35:35,ฉลองรัช,ปกติ,1,0,0,0,มึนเมา
2016-04-22,04:36:36,ฉลองรัช,ปกติ,0,0,0,0,มึนเมา
2016-09-22,14:20:20,ฉลองรัช,ปกติ,0,0,0,0,มึนเมา
2015-10-10,00:37:37,ฉลองรัช,ปกติ,0,1,0,0,มึนเมา
2015-11-11,22:44:44,บูรพาวิถี,ปกติ,1,0,0,0,มึนเมา
2016-08-07,05:29:29,บูรพาวิถี,ปกติ,0,0,0,0,มึนเมา
2016-03-04,20:55:55,อุดรรัถยา,ปกติ,0,0,0,0,มึนเมา
2015-10-09,20:41:41,เฉลิมมหานคร,ปกติ,0,0,0,0,มึนเมา
2016-06-16,02:47:47,เฉลิมมหานคร,ปกติ,0,0,0,0,มึนเมา
2016-05-19,05:55:55,ศรีรัช,ปกติ,0,0,0,0,หลับใน
2016-04-30,02:50:50,ศรีรัช,ปกติ,0,0,0,0,หลับใน
2016-08-24,04:28:28,ศรีรัช,ปกติ,0,0,0,0,หลับใน
2016-05-08,15:35:35,ศรีรัช,ปกติ,1,0,0,0,หลับใน
2016-07-08,03:11:11,ศรีรัช,ปกติ,1,1,0,0,หลับใน
2015-10-29,00:35:35,ศรีรัช,ปกติ,0,0,0,0,หลับใน
2016-08-13,21:43:43,ศรีรัช,ปกติ,0,0,0,0,หลับใน
2015-10-23,02:13:13,ศรีรัช,ปกติ,0,0,0,0,หลับใน
2015-10-29,01:45:45,ศรีรัช,ปกติ,1,0,0,0,หลับใน
2016-02-06,23:39:39,ฉลองรัช,ปกติ,0,0,0,0,หลับใน
2016-08-12,04:10:10,ฉลองรัช,ปกติ,0,0,0,0,หลับใน
2016-08-24,01:30:30,บูรพาวิถี,ปกติ,0,0,0,0,หลับใน
2016-01-31,10:21:21,บูรพาวิถี,ปกติ,3,4,0,0,หลับใน
2016-04-03,04:28:28,บูรพาวิถี,ปกติ,0,1,0,0,หลับใน
2015-10-09,00:40:40,บูรพาวิถี,ปกติ,0,0,0,0,หลับใน
2016-02-24,05:48:48,บูรพาวิถี,ปกติ,0,1,0,0,หลับใน
2016-07-06,23:44:44,บูรพาวิถี,ฝนตก,0,0,0,0,หลับใน
2015-10-30,02:05:05,บูรพาวิถี,ปกติ,0,1,0,0,หลับใน
2016-05-20,09:58:58,บูรพาวิถี,ปกติ,0,0,0,0,หลับใน
2016-02-13,22:33:33,บูรพาวิถี,ปกติ,1,0,0,0,หลับใน
2016-09-09,16:00:00,บูรพาวิถี,ปกติ,0,0,0,0,หลับใน
2016-01-10,17:00:00,อุดรรัถยา,ปกติ,0,0,0,0,หลับใน
2016-08-13,05:53:53,อุดรรัถยา,ปกติ,0,1,0,0,หลับใน
2016-09-10,01:39:39,อุดรรัถยา,ปกติ,0,0,0,0,หลับใน
2015-12-13,02:54:54,อุดรรัถยา,ปกติ,0,0,0,0,หลับใน
2016-06-15,16:21:21,อุดรรัถยา,ปกติ,0,0,0,0,หลับใน
2015-12-26,04:06:06,อุดรรัถยา,ปกติ,0,1,0,0,หลับใน
2016-02-18,02:37:37,อุดรรัถยา,ปกติ,0,0,0,0,หลับใน
2016-08-21,18:10:10,อุดรรัถยา,ปกติ,2,1,0,0,หลับใน
2016-08-26,23:20:20,อุดรรัถยา,ปกติ,2,0,0,0,หลับใน
2016-07-09,16:30:30,อุดรรัถยา,ปกติ,0,2,0,0,หลับใน
2016-05-13,22:58:58,อุดรรัถยา,ปกติ,1,0,0,0,หลับใน
2015-12-21,17:17:17,อุดรรัถยา,ปกติ,0,0,0,0,หลับใน
2016-08-31,05:37:37,อุดรรัถยา,ปกติ,3,0,0,0,หลับใน
2016-03-23,18:10:10,อุดรรัถยา,ปกติ,0,0,0,0,หลับใน
2016-09-26,07:13:13,อุดรรัถยา,ปกติ,1,0,0,0,หลับใน
2016-06-22,02:52:52,อุดรรัถยา,ปกติ,0,0,0,0,หลับใน
2016-04-30,17:37:37,อุดรรัถยา,ปกติ,0,0,0,0,หลับใน
2016-08-26,01:24:24,อุดรรัถยา,ปกติ,0,0,0,0,หลับใน
2015-12-19,04:18:18,เฉลิมมหานคร,ปกติ,0,0,0,0,หลับใน
2015-12-14,03:48:48,เฉลิมมหานคร,ปกติ,0,0,0,0,หลับใน
2016-09-10,21:32:32,เฉลิมมหานคร,ปกติ,0,0,0,0,หลับใน
2015-10-06,21:31:31,เฉลิมมหานคร,ปกติ,0,1,0,0,หลับใน
2016-09-12,01:30:30,เฉลิมมหานคร,ฝนตก,1,0,0,0,หลับใน
2016-05-20,23:49:49,บางพลี-สุขสวัสดิ์,ปกติ,0,0,0,0,หลับใน
2016-08-20,01:59:59,บางพลี-สุขสวัสดิ์,ปกติ,1,0,0,0,หลับใน
2016-07-29,03:39:39,บางพลี-สุขสวัสดิ์,ปกติ,1,0,0,0,หลับใน
2016-08-27,06:34:34,ศรีรัช-วงแหวนรอบนอก,ปกติ,0,0,0,0,หลับใน
2015-12-01,12:33:33,ทางหลวงพิเศษหมายเลข 37,ปกติ,0,0,0,0,หลับใน
2015-11-20,12:15:15,ทางหลวงพิเศษหมายเลข 37,ปกติ,4,0,0,0,หลับใน
2016-03-01,00:38:38,ทางหลวงพิเศษหมายเลข 37,ปกติ,0,0,0,0,หลับใน
2016-01-17,02:17:17,ทางหลวงพิเศษหมายเลข 37,ปกติ,1,0,0,0,หลับใน
2016-06-25,05:47:47,ศรีรัช,ปกติ,5,0,0,0,ขับรถช้าลง
2015-11-04,02:53:53,ฉลองรัช,ปกติ,0,1,1,0,ขับรถช้าลง
2016-07-29,23:53:53,ฉลองรัช,ปกติ,1,0,0,0,ขับรถช้าลง
2016-07-30,16:42:42,บูรพาวิถี,ปกติ,1,5,0,0,ขับรถช้าลง
2016-09-02,11:00:00,เฉลิมมหานคร,ปกติ,0,0,0,0,ขับรถช้าลง
2015-11-02,19:29:29,S1,ปกติ,6,3,1,3,ขับรถเร็วเกินไป
2016-04-09,19:50:50,S1,ปกติ,1,1,0,0,ขับรถเร็วเกินไป
2016-03-31,10:47:47,S1,ปกติ,1,0,0,0,ขับรถเร็วเกินไป
2015-11-17,00:54:54,ศรีรัช,ปกติ,0,0,0,0,ขับรถเร็วเกินไป
2016-02-19,09:11:11,ศรีรัช,ปกติ,0,0,0,0,ขับรถเร็วเกินไป
2015-10-31,17:19:19,ศรีรัช,ปกติ,0,0,0,0,ขับรถเร็วเกินไป
2016-08-02,20:20:20,ศรีรัช,ปกติ,0,0,0,0,ขับรถเร็วเกินไป
2016-07-15,19:18:18,ศรีรัช,ปกติ,0,0,0,0,ขับรถเร็วเกินไป
2016-03-20,03:29:29,ศรีรัช,ปกติ,0,0,0,0,ขับรถเร็วเกินไป
2016-07-22,22:54:54,ศรีรัช,ปกติ,0,0,0,0,ขับรถเร็วเกินไป
2016-02-13,11:26:26,ศรีรัช,ปกติ,0,0,0,0,ขับรถเร็วเกินไป
2016-04-22,02:26:26,ศรีรัช,ปกติ,1,0,0,0,ขับรถเร็วเกินไป
2016-07-02,15:48:48,ศรีรัช,ปกติ,0,0,0,0,ขับรถเร็วเกินไป
2016-07-29,10:16:16,ศรีรัช,ปกติ,0,0,0,0,ขับรถเร็วเกินไป
2016-02-23,12:35:35,ศรีรัช,ปกติ,0,0,0,0,ขับรถเร็วเกินไป
2016-02-18,19:27:27,ศรีรัช,ปกติ,0,0,0,0,ขับรถเร็วเกินไป
2016-01-12,08:01:01,ศรีรัช,ปกติ,0,0,0,0,ขับรถเร็วเกินไป
2015-11-28,23:49:49,ศรีรัช,ปกติ,0,0,0,0,ขับรถเร็วเกินไป
2015-12-07,20:30:30,ศรีรัช,ปกติ,0,0,0,0,ขับรถเร็วเกินไป
2016-06-13,11:28:28,ศรีรัช,ปกติ,0,0,0,0,ขับรถเร็วเกินไป
2016-02-11,14:42:42,ศรีรัช,ปกติ,0,0,0,0,ขับรถเร็วเกินไป
2016-05-20,02:26:26,ศรีรัช,ปกติ,0,1,0,0,ขับรถเร็วเกินไป
2016-01-26,15:56:56,ศรีรัช,ปกติ,1,0,0,0,ขับรถเร็วเกินไป
2016-03-30,00:25:25,ศรีรัช,ปกติ,0,0,0,0,ขับรถเร็วเกินไป
2016-07-25,01:52:52,ศรีรัช,ฝนตก,0,0,0,0,ขับรถเร็วเกินไป
2016-01-30,07:45:45,ศรีรัช,ปกติ,0,0,0,0,ขับรถเร็วเกินไป
2016-08-02,23:58:58,ศรีรัช,ปกติ,0,0,0,0,ขับรถเร็วเกินไป
2016-03-26,16:36:36,ศรีรัช,ปกติ,0,0,0,0,ขับรถเร็วเกินไป
2016-09-11,20:13:13,ศรีรัช,ปกติ,0,0,0,0,ขับรถเร็วเกินไป
2016-07-06,11:34:34,ศรีรัช,ปกติ,0,0,0,0,ขับรถเร็วเกินไป
2016-03-14,03:24:24,ศรีรัช,ปกติ,0,0,0,0,ขับรถเร็วเกินไป
2016-07-12,08:46:46,ศรีรัช,ปกติ,0,0,0,0,ขับรถเร็วเกินไป
2016-02-09,12:27:27,ศรีรัช,ปกติ,1,0,0,0,ขับรถเร็วเกินไป
2016-02-06,22:15:15,ศรีรัช,ปกติ,1,0,0,0,ขับรถเร็วเกินไป
2016-09-01,21:26:26,ศรีรัช,ปกติ,1,0,0,0,ขับรถเร็วเกินไป
2016-07-05,21:14:14,ศรีรัช,ปกติ,1,2,0,0,ขับรถเร็วเกินไป
2016-01-20,04:33:33,ศรีรัช,ปกติ,0,0,0,0,ขับรถเร็วเกินไป
2016-08-21,05:08:08,ศรีรัช,ปกติ,0,2,0,0,ขับรถเร็วเกินไป
2016-06-17,09:00:00,ศรีรัช,ปกติ,0,0,0,0,ขับรถเร็วเกินไป
2016-06-09,12:02:02,ศรีรัช,ปกติ,0,0,0,0,ขับรถเร็วเกินไป
2016-04-12,21:09:09,ศรีรัช,ปกติ,0,0,0,0,ขับรถเร็วเกินไป
2016-04-11,00:17:17,ศรีรัช,ปกติ,0,0,0,0,ขับรถเร็วเกินไป
2016-09-09,08:51:51,ศรีรัช,ปกติ,0,1,0,0,ขับรถเร็วเกินไป
2016-02-10,10:40:40,ศรีรัช,ปกติ,0,0,0,0,ขับรถเร็วเกินไป
2016-02-05,01:13:13,ศรีรัช,ปกติ,0,1,0,0,ขับรถเร็วเกินไป
2015-11-30,09:10:10,ศรีรัช,ปกติ,1,0,0,0,ขับรถเร็วเกินไป
2016-09-24,08:24:24,ศรีรัช,ปกติ,0,0,0,0,ขับรถเร็วเกินไป
2016-07-24,17:27:27,ศรีรัช,ปกติ,1,0,0,0,ขับรถเร็วเกินไป
2016-07-19,12:01:01,ศรีรัช,ปกติ,0,0,0,0,ขับรถเร็วเกินไป
2016-02-26,16:42:42,ศรีรัช,ปกติ,0,0,0,0,ขับรถเร็วเกินไป
2015-11-23,05:12:12,ศรีรัช,ปกติ,1,0,0,0,ขับรถเร็วเกินไป
2016-07-24,04:59:59,ศรีรัช,ปกติ,0,0,0,0,ขับรถเร็วเกินไป
2015-11-02,10:14:14,ศรีรัช,ปกติ,0,0,0,0,ขับรถเร็วเกินไป
2016-07-14,09:22:22,ศรีรัช,ปกติ,0,0,0,0,ขับรถเร็วเกินไป
2016-05-09,19:49:49,ศรีรัช,ปกติ,0,0,0,0,ขับรถเร็วเกินไป
2016-04-20,18:58:58,ศรีรัช,ปกติ,0,1,0,0,ขับรถเร็วเกินไป
2016-02-11,10:08:08,ศรีรัช,ปกติ,0,0,0,0,ขับรถเร็วเกินไป
2016-01-16,18:36:36,ศรีรัช,ปกติ,0,2,0,0,ขับรถเร็วเกินไป
2016-01-02,07:07:07,ศรีรัช,ปกติ,1,0,0,0,ขับรถเร็วเกินไป
2016-09-18,23:43:43,ศรีรัช,ฝนตก,0,0,0,0,ขับรถเร็วเกินไป
2016-05-15,22:20:20,ศรีรัช,ปกติ,0,0,0,0,ขับรถเร็วเกินไป
2016-01-04,21:32:32,ศรีรัช,ปกติ,1,0,0,0,ขับรถเร็วเกินไป
2016-08-06,01:53:53,ศรีรัช,ปกติ,0,0,0,0,ขับรถเร็วเกินไป
2016-07-17,01:32:32,ศรีรัช,ปกติ,0,0,0,0,ขับรถเร็วเกินไป
2015-12-29,17:00:00,ศรีรัช,ปกติ,0,0,0,0,ขับรถเร็วเกินไป
2016-05-27,09:22:22,ศรีรัช,ปกติ,0,0,0,0,ขับรถเร็วเกินไป
2016-08-06,02:38:38,ศรีรัช,ปกติ,0,2,0,0,ขับรถเร็วเกินไป
2016-01-23,00:27:27,ศรีรัช,ปกติ,0,0,0,0,ขับรถเร็วเกินไป
2016-06-17,15:29:29,ศรีรัช,ปกติ,0,0,0,0,ขับรถเร็วเกินไป
2016-08-07,15:07:07,ศรีรัช,ปกติ,0,1,0,0,ขับรถเร็วเกินไป
2016-01-23,03:09:09,ศรีรัช,ปกติ,1,0,0,0,ขับรถเร็วเกินไป
2015-11-30,08:29:29,ศรีรัช,ปกติ,0,0,0,0,ขับรถเร็วเกินไป
2016-08-18,11:32:32,ศรีรัช,ปกติ,0,1,0,0,ขับรถเร็วเกินไป
2016-04-21,10:00:00,ศรีรัช,ปกติ,0,0,0,0,ขับรถเร็วเกินไป
2016-01-22,20:51:51,ศรีรัช,ปกติ,0,0,0,0,ขับรถเร็วเกินไป
2015-12-23,09:28:28,ศรีรัช,ปกติ,0,0,0,0,ขับรถเร็วเกินไป
2016-06-03,21:47:47,ศรีรัช,ปกติ,0,0,0,0,ขับรถเร็วเกินไป
2016-04-22,10:16:16,ศรีรัช,ปกติ,0,0,0,0,ขับรถเร็วเกินไป
2015-12-07,13:29:29,ศรีรัช,ปกติ,0,0,0,0,ขับรถเร็วเกินไป
2016-06-23,01:44:44,ศรีรัช,ฝนตก,0,0,0,0,ขับรถเร็วเกินไป
2016-05-31,01:58:58,ศรีรัช,ปกติ,0,1,0,0,ขับรถเร็วเกินไป
2015-10-03,02:49:49,ศรีรัช,ปกติ,0,0,0,0,ขับรถเร็วเกินไป
2016-09-18,23:54:54,ศรีรัช,ปกติ,0,0,0,0,ขับรถเร็วเกินไป
2016-09-21,11:25:25,ศรีรัช,ปกติ,0,0,0,0,ขับรถเร็วเกินไป
2015-10-27,10:56:56,ศรีรัช,ปกติ,0,0,0,0,ขับรถเร็วเกินไป
2016-06-08,06:47:47,ศรีรัช,ปกติ,0,1,0,0,ขับรถเร็วเกินไป
2016-03-14,23:58:58,ศรีรัช,ปกติ,1,1,0,0,ขับรถเร็วเกินไป
2016-08-29,14:15:15,ศรีรัช,ปกติ,0,0,0,0,ขับรถเร็วเกินไป
2016-01-16,06:53:53,ศรีรัช,ปกติ,0,0,0,0,ขับรถเร็วเกินไป
2016-05-23,23:57:57,ศรีรัช,ปกติ,0,0,0,0,ขับรถเร็วเกินไป
2016-02-15,06:25:25,ศรีรัช,ปกติ,3,6,0,0,ขับรถเร็วเกินไป
2016-03-02,22:25:25,ศรีรัช,ปกติ,0,0,0,0,ขับรถเร็วเกินไป
2015-11-19,08:38:38,ศรีรัช,ปกติ,1,1,0,0,ขับรถเร็วเกินไป
2016-04-12,05:09:09,ศรีรัช,ปกติ,0,0,0,0,ขับรถเร็วเกินไป
2016-01-05,14:02:02,ศรีรัช,ปกติ,0,1,0,0,ขับรถเร็วเกินไป
2016-09-05,11:42:42,ศรีรัช,ปกติ,0,0,0,0,ขับรถเร็วเกินไป
2016-03-29,03:25:25,ศรีรัช,ปกติ,0,0,0,0,ขับรถเร็วเกินไป
2015-10-02,05:36:36,ศรีรัช,ปกติ,0,0,0,0,ขับรถเร็วเกินไป
2016-02-10,14:52:52,ศรีรัช,ปกติ,1,0,0,0,ขับรถเร็วเกินไป
2016-06-27,00:48:48,ศรีรัช,ปกติ,0,0,0,0,ขับรถเร็วเกินไป
2016-04-01,01:36:36,ศรีรัช,ปกติ,0,0,0,0,ขับรถเร็วเกินไป
2015-10-29,07:03:03,ศรีรัช,ปกติ,0,0,0,0,ขับรถเร็วเกินไป
2015-11-10,10:45:45,ศรีรัช,ปกติ,0,0,0,0,ขับรถเร็วเกินไป
2016-05-14,05:29:29,ศรีรัช,ปกติ,0,0,0,0,ขับรถเร็วเกินไป
2016-04-25,13:40:40,ศรีรัช,ปกติ,0,0,0,0,ขับรถเร็วเกินไป
2016-07-25,10:25:25,ศรีรัช,ปกติ,0,0,0,0,ขับรถเร็วเกินไป
2016-06-11,06:56:56,ศรีรัช,ปกติ,0,0,0,0,ขับรถเร็วเกินไป
2016-07-09,03:54:54,ศรีรัช,ปกติ,0,0,0,0,ขับรถเร็วเกินไป
2015-11-10,09:51:51,ศรีรัช,ปกติ,0,0,0,0,ขับรถเร็วเกินไป
2016-01-28,11:15:15,ศรีรัช,ปกติ,0,0,0,0,ขับรถเร็วเกินไป
2016-01-04,12:15:15,ศรีรัช,ปกติ,4,4,0,0,ขับรถเร็วเกินไป
2015-11-09,23:09:09,ศรีรัช,ปกติ,0,0,0,0,ขับรถเร็วเกินไป
2016-06-25,23:15:15,ศรีรัช,ปกติ,0,0,0,0,ขับรถเร็วเกินไป
2016-07-02,04:55:55,ศรีรัช,ฝนตก,0,0,0,0,ขับรถเร็วเกินไป
2015-11-12,01:40:40,ศรีรัช,ปกติ,0,0,0,0,ขับรถเร็วเกินไป
2016-09-23,19:53:53,ศรีรัช,ปกติ,2,0,0,0,ขับรถเร็วเกินไป
2016-02-01,05:34:34,ศรีรัช,ปกติ,0,0,0,0,ขับรถเร็วเกินไป
2015-11-14,20:58:58,ศรีรัช,ปกติ,0,1,0,0,ขับรถเร็วเกินไป
2015-12-09,00:37:37,ศรีรัช,ปกติ,0,0,0,0,ขับรถเร็วเกินไป
2016-04-04,17:07:07,ศรีรัช,ปกติ,0,2,0,0,ขับรถเร็วเกินไป
2016-04-23,10:18:18,ศรีรัช,ปกติ,2,7,0,0,ขับรถเร็วเกินไป
2015-10-22,12:53:53,ศรีรัช,ปกติ,0,0,0,0,ขับรถเร็วเกินไป
2016-07-17,10:20:20,ศรีรัช,ปกติ,0,0,0,0,ขับรถเร็วเกินไป
2016-04-25,10:31:31,ศรีรัช,ปกติ,0,0,0,0,ขับรถเร็วเกินไป
2016-09-25,12:59:59,ศรีรัช,ปกติ,0,0,0,0,ขับรถเร็วเกินไป
2015-10-05,10:14:14,ศรีรัช,ปกติ,0,0,0,0,ขับรถเร็วเกินไป
2016-01-21,04:35:35,ศรีรัช,ฝนตก,0,0,0,0,ขับรถเร็วเกินไป
2016-02-11,15:49:49,ศรีรัช,ปกติ,0,0,0,0,ขับรถเร็วเกินไป
2015-12-21,18:25:25,ศรีรัช,ปกติ,0,0,0,0,ขับรถเร็วเกินไป
2016-05-17,10:10:10,ศรีรัช,ปกติ,0,0,0,0,ขับรถเร็วเกินไป
2015-12-09,12:22:22,ศรีรัช,ปกติ,0,0,0,0,ขับรถเร็วเกินไป
2016-09-27,23:21:21,ศรีรัช,ฝนตก,0,0,0,0,ขับรถเร็วเกินไป
2016-09-01,03:31:31,ศรีรัช,ปกติ,0,0,0,0,ขับรถเร็วเกินไป
2015-12-05,08:25:25,ศรีรัช,ปกติ,0,0,0,0,ขับรถเร็วเกินไป
2015-10-10,01:06:06,ศรีรัช,ปกติ,0,0,0,0,ขับรถเร็วเกินไป
2016-03-23,00:20:20,ศรีรัช,ปกติ,0,2,0,0,ขับรถเร็วเกินไป
2016-02-27,23:01:01,ศรีรัช,ปกติ,3,0,0,0,ขับรถเร็วเกินไป
2015-11-09,06:25:25,ศรีรัช,ปกติ,0,1,0,0,ขับรถเร็วเกินไป
2016-06-21,03:23:23,ศรีรัช,ฝนตก,0,0,0,0,ขับรถเร็วเกินไป
2016-09-05,00:45:45,ศรีรัช,ปกติ,0,0,0,0,ขับรถเร็วเกินไป
2016-01-06,23:43:43,ศรีรัช,ปกติ,0,0,0,0,ขับรถเร็วเกินไป
2016-03-27,01:31:31,ศรีรัช,ปกติ,0,0,0,0,ขับรถเร็วเกินไป
2016-07-10,20:56:56,ศรีรัช,ปกติ,0,1,0,0,ขับรถเร็วเกินไป
2016-02-20,12:06:06,ศรีรัช,ปกติ,0,0,0,0,ขับรถเร็วเกินไป
2016-08-27,04:17:17,ศรีรัช,ปกติ,0,0,0,0,ขับรถเร็วเกินไป
2016-07-09,00:54:54,ศรีรัช,ปกติ,2,1,0,0,ขับรถเร็วเกินไป
2016-04-21,05:10:10,ศรีรัช,ปกติ,0,0,0,0,ขับรถเร็วเกินไป
2016-05-15,10:32:32,ศรีรัช,ปกติ,0,0,0,0,ขับรถเร็วเกินไป
2016-02-18,22:15:15,ศรีรัช,ปกติ,0,0,0,0,ขับรถเร็วเกินไป
2016-05-18,03:30:30,ศรีรัช,ปกติ,0,0,0,0,ขับรถเร็วเกินไป
2015-12-08,22:25:25,ศรีรัช,ปกติ,0,1,0,0,ขับรถเร็วเกินไป
2016-07-25,02:45:45,ศรีรัช,ปกติ,0,0,0,0,ขับรถเร็วเกินไป
2015-12-26,05:00:00,ศรีรัช,ปกติ,0,0,0,0,ขับรถเร็วเกินไป
2016-09-04,05:09:09,ศรีรัช,ปกติ,0,1,0,0,ขับรถเร็วเกินไป
2016-09-12,00:10:10,ศรีรัช,ปกติ,0,0,0,0,ขับรถเร็วเกินไป
2016-03-23,23:19:19,ศรีรัช,ปกติ,0,0,0,0,ขับรถเร็วเกินไป
2016-09-30,17:18:18,ศรีรัช,ปกติ,0,0,0,0,ขับรถเร็วเกินไป
2016-06-17,01:50:50,ศรีรัช,ปกติ,0,0,0,0,ขับรถเร็วเกินไป
2016-01-29,17:40:40,ศรีรัช,ปกติ,0,0,0,0,ขับรถเร็วเกินไป
2015-12-05,00:04:04,ศรีรัช,ปกติ,1,0,0,0,ขับรถเร็วเกินไป
2016-02-06,06:21:21,ศรีรัช,ปกติ,1,1,0,0,ขับรถเร็วเกินไป
2016-06-08,03:00:00,ศรีรัช,ปกติ,0,0,0,0,ขับรถเร็วเกินไป
2016-02-27,22:48:48,ศรีรัช,ปกติ,0,0,0,0,ขับรถเร็วเกินไป
2016-05-16,03:32:32,ศรีรัช,ปกติ,0,0,0,0,ขับรถเร็วเกินไป
2016-08-10,16:20:20,ศรีรัช,ปกติ,0,0,0,0,ขับรถเร็วเกินไป
2015-12-12,08:52:52,ศรีรัช,ปกติ,0,0,0,0,ขับรถเร็วเกินไป
2016-06-10,20:57:57,ศรีรัช,ปกติ,0,0,0,0,ขับรถเร็วเกินไป
2016-04-03,06:10:10,ศรีรัช,ปกติ,0,0,0,0,ขับรถเร็วเกินไป
2016-09-04,14:47:47,ศรีรัช,ปกติ,0,0,0,0,ขับรถเร็วเกินไป
2016-01-23,06:22:22,ศรีรัช,ปกติ,0,0,0,0,ขับรถเร็วเกินไป
2015-10-29,17:08:08,ศรีรัช,ปกติ,1,0,0,0,ขับรถเร็วเกินไป
2016-09-03,11:05:05,ศรีรัช,ปกติ,0,0,0,0,ขับรถเร็วเกินไป
2016-03-28,18:16:16,ศรีรัช,ปกติ,0,0,0,0,ขับรถเร็วเกินไป
2016-02-16,22:35:35,ศรีรัช,ปกติ,0,0,0,0,ขับรถเร็วเกินไป
2016-01-23,06:26:26,ศรีรัช,ปกติ,0,0,0,0,ขับรถเร็วเกินไป
2016-01-14,08:20:20,ศรีรัช,ปกติ,0,0,0,0,ขับรถเร็วเกินไป
2015-11-07,05:00:00,ศรีรัช,ปกติ,1,1,0,0,ขับรถเร็วเกินไป
2016-03-02,20:04:04,ศรีรัช,ปกติ,0,0,0,0,ขับรถเร็วเกินไป
2016-06-11,10:32:32,ศรีรัช,ปกติ,0,2,0,0,ขับรถเร็วเกินไป
2015-11-14,04:27:27,ศรีรัช,ปกติ,0,0,0,0,ขับรถเร็วเกินไป
2016-01-04,19:32:32,ศรีรัช,ปกติ,0,0,0,0,ขับรถเร็วเกินไป
2015-12-24,06:28:28,ศรีรัช,ปกติ,0,0,0,0,ขับรถเร็วเกินไป
2015-12-14,16:55:55,ศรีรัช,ปกติ,0,0,0,0,ขับรถเร็วเกินไป
2015-11-03,15:13:13,ศรีรัช,ปกติ,0,0,0,0,ขับรถเร็วเกินไป
2016-06-02,02:26:26,ศรีรัช,ฝนตก,0,0,0,0,ขับรถเร็วเกินไป
2016-09-28,22:30:30,ศรีรัช,ปกติ,0,0,0,0,ขับรถเร็วเกินไป
2016-08-10,18:55:55,ศรีรัช,ปกติ,0,0,0,0,ขับรถเร็วเกินไป
2016-04-22,12:21:21,ศรีรัช,ปกติ,0,0,0,0,ขับรถเร็วเกินไป
2015-11-21,14:57:57,ศรีรัช,ปกติ,0,0,0,0,ขับรถเร็วเกินไป
2016-01-20,04:11:11,ศรีรัช,ปกติ,0,0,0,0,ขับรถเร็วเกินไป
2016-05-29,11:45:45,ศรีรัช,ปกติ,0,0,0,0,ขับรถเร็วเกินไป
2016-09-17,08:14:14,ศรีรัช,ปกติ,0,0,0,0,ขับรถเร็วเกินไป
2015-10-22,05:51:51,ศรีรัช,ปกติ,0,0,0,0,ขับรถเร็วเกินไป
2016-02-26,04:42:42,ศรีรัช,ปกติ,0,0,0,0,ขับรถเร็วเกินไป
2016-02-01,18:59:59,ศรีรัช,ปกติ,0,0,0,0,ขับรถเร็วเกินไป
2016-02-12,18:42:42,ศรีรัช,ปกติ,0,0,0,0,ขับรถเร็วเกินไป
2015-12-18,21:09:09,ศรีรัช,ปกติ,0,0,0,0,ขับรถเร็วเกินไป
2015-10-30,23:25:25,ศรีรัช,ปกติ,4,0,2,0,ขับรถเร็วเกินไป
2016-04-24,19:02:02,ศรีรัช,ปกติ,1,2,0,0,ขับรถเร็วเกินไป
2016-07-13,14:26:26,ศรีรัช,ปกติ,1,0,0,0,ขับรถเร็วเกินไป
2015-10-07,02:01:01,ศรีรัช,ปกติ,0,0,0,0,ขับรถเร็วเกินไป
2016-06-28,23:43:43,ศรีรัช,ปกติ,0,0,0,0,ขับรถเร็วเกินไป
2016-02-02,17:56:56,ศรีรัช,ปกติ,0,0,0,0,ขับรถเร็วเกินไป
2016-08-25,01:12:12,ศรีรัช,ฝนตก,0,0,0,0,ขับรถเร็วเกินไป
2016-01-10,08:19:19,ศรีรัช,ปกติ,0,0,0,0,ขับรถเร็วเกินไป
2016-07-16,01:17:17,ศรีรัช,ปกติ,0,0,0,0,ขับรถเร็วเกินไป
2016-04-08,22:12:12,ศรีรัช,ปกติ,0,0,0,0,ขับรถเร็วเกินไป
2016-05-18,03:14:14,ศรีรัช,ปกติ,0,0,0,0,ขับรถเร็วเกินไป
2016-06-10,15:55:55,ศรีรัช,ปกติ,0,0,0,0,ขับรถเร็วเกินไป
2016-08-17,05:40:40,ศรีรัช,ปกติ,1,0,0,0,ขับรถเร็วเกินไป
2016-09-17,08:30:30,ศรีรัช,ปกติ,0,0,0,0,ขับรถเร็วเกินไป
2016-05-11,21:29:29,ศรีรัช,ปกติ,0,0,0,0,ขับรถเร็วเกินไป
2016-04-21,15:37:37,ศรีรัช,ปกติ,0,0,0,0,ขับรถเร็วเกินไป
2016-02-15,02:27:27,ศรีรัช,ปกติ,0,1,0,0,ขับรถเร็วเกินไป
2016-06-21,04:25:25,ศรีรัช,ฝนตก,0,0,0,0,ขับรถเร็วเกินไป
2016-09-13,22:05:05,ศรีรัช,ปกติ,0,0,0,0,ขับรถเร็วเกินไป
2016-08-16,16:41:41,ศรีรัช,ปกติ,0,0,0,0,ขับรถเร็วเกินไป
2016-02-10,09:44:44,ศรีรัช,ปกติ,0,0,0,0,ขับรถเร็วเกินไป
2016-03-29,18:57:57,ศรีรัช,ปกติ,0,0,0,0,ขับรถเร็วเกินไป
2016-08-06,00:31:31,ศรีรัช,ฝนตก,0,0,0,0,ขับรถเร็วเกินไป
2016-09-02,11:24:24,ศรีรัช,ปกติ,0,0,0,0,ขับรถเร็วเกินไป
2016-02-19,06:28:28,ศรีรัช,ปกติ,0,0,0,0,ขับรถเร็วเกินไป
2015-10-15,09:30:30,ศรีรัช,ปกติ,0,0,0,0,ขับรถเร็วเกินไป
2016-02-12,13:30:30,ศรีรัช,ปกติ,1,1,0,0,ขับรถเร็วเกินไป
2015-10-08,09:45:45,ศรีรัช,ปกติ,0,1,0,0,ขับรถเร็วเกินไป
2016-03-18,04:49:49,ศรีรัช,ปกติ,0,0,0,0,ขับรถเร็วเกินไป
2016-06-27,08:30:30,ศรีรัช,ปกติ,0,0,0,0,ขับรถเร็วเกินไป
2015-12-21,15:02:02,ศรีรัช,ปกติ,0,0,0,0,ขับรถเร็วเกินไป
2015-11-08,18:54:54,ศรีรัช,ปกติ,0,0,0,0,ขับรถเร็วเกินไป
2016-09-16,07:15:15,ศรีรัช,ปกติ,0,0,0,0,ขับรถเร็วเกินไป
2016-01-12,00:02:02,ฉลองรัช,ปกติ,0,0,0,0,ขับรถเร็วเกินไป
2016-03-07,23:19:19,ฉลองรัช,ปกติ,0,0,0,0,ขับรถเร็วเกินไป
2015-11-23,21:31:31,ฉลองรัช,ปกติ,0,0,0,0,ขับรถเร็วเกินไป
2016-01-30,00:40:40,ฉลองรัช,ปกติ,0,0,0,0,ขับรถเร็วเกินไป
2016-06-29,03:35:35,ฉลองรัช,ปกติ,1,1,0,0,ขับรถเร็วเกินไป
2015-12-25,04:18:18,ฉลองรัช,ปกติ,0,0,0,0,ขับรถเร็วเกินไป
2016-06-18,05:43:43,ฉลองรัช,ฝนตก,0,0,0,0,ขับรถเร็วเกินไป
2016-07-25,16:31:31,ฉลองรัช,ปกติ,0,0,0,0,ขับรถเร็วเกินไป
2016-05-27,12:40:40,ฉลองรัช,ปกติ,0,0,0,0,ขับรถเร็วเกินไป
2016-03-06,13:57:57,ฉลองรัช,ปกติ,0,1,0,0,ขับรถเร็วเกินไป
2016-07-08,05:17:17,ฉลองรัช,ปกติ,0,0,0,0,ขับรถเร็วเกินไป
2016-05-24,00:25:25,ฉลองรัช,ปกติ,0,0,0,0,ขับรถเร็วเกินไป
2016-09-18,02:53:53,ฉลองรัช,ฝนตก,2,3,0,0,ขับรถเร็วเกินไป
2016-06-28,01:12:12,ฉลองรัช,ปกติ,0,0,0,0,ขับรถเร็วเกินไป
2016-01-17,20:15:15,ฉลองรัช,ปกติ,0,0,0,0,ขับรถเร็วเกินไป
2015-10-10,23:20:20,ฉลองรัช,ปกติ,0,2,0,0,ขับรถเร็วเกินไป
2016-04-18,22:26:26,ฉลองรัช,ปกติ,0,0,0,0,ขับรถเร็วเกินไป
2016-09-29,05:28:28,ฉลองรัช,ปกติ,0,0,0,0,ขับรถเร็วเกินไป
2015-12-20,21:10:10,ฉลองรัช,ปกติ,1,3,0,0,ขับรถเร็วเกินไป
2016-07-27,23:40:40,ฉลองรัช,ปกติ,3,0,0,0,ขับรถเร็วเกินไป
2016-05-17,10:14:14,ฉลองรัช,ปกติ,0,1,0,0,ขับรถเร็วเกินไป
2016-05-08,18:30:30,ฉลองรัช,ปกติ,0,0,0,0,ขับรถเร็วเกินไป
2016-03-26,19:01:01,ฉลองรัช,ปกติ,0,0,0,0,ขับรถเร็วเกินไป
2016-01-28,13:17:17,ฉลองรัช,ปกติ,0,0,0,0,ขับรถเร็วเกินไป
2016-08-24,06:50:50,ฉลองรัช,ปกติ,0,0,0,0,ขับรถเร็วเกินไป
2015-11-26,22:35:35,ฉลองรัช,ปกติ,0,1,0,0,ขับรถเร็วเกินไป
2016-07-18,13:18:18,ฉลองรัช,ปกติ,0,0,0,0,ขับรถเร็วเกินไป
2016-03-12,13:27:27,ฉลองรัช,ปกติ,1,0,0,0,ขับรถเร็วเกินไป
2016-08-21,16:04:04,ฉลองรัช,ปกติ,0,0,0,0,ขับรถเร็วเกินไป
2016-06-19,14:18:18,ฉลองรัช,ปกติ,1,1,0,0,ขับรถเร็วเกินไป
2016-08-04,09:26:26,ฉลองรัช,ปกติ,0,0,0,0,ขับรถเร็วเกินไป
2015-11-24,11:53:53,ฉลองรัช,ปกติ,0,1,0,0,ขับรถเร็วเกินไป
2015-12-01,22:45:45,ฉลองรัช,ปกติ,0,0,0,0,ขับรถเร็วเกินไป
2015-10-19,00:46:46,ฉลองรัช,ปกติ,0,1,0,0,ขับรถเร็วเกินไป
2015-11-30,11:53:53,ฉลองรัช,ปกติ,0,1,0,0,ขับรถเร็วเกินไป
2016-02-22,02:48:48,ฉลองรัช,ปกติ,1,0,0,0,ขับรถเร็วเกินไป
2016-08-09,06:10:10,ฉลองรัช,ปกติ,0,0,0,0,ขับรถเร็วเกินไป
2016-07-05,16:20:20,ฉลองรัช,ปกติ,0,0,0,0,ขับรถเร็วเกินไป
2016-06-16,15:01:01,ฉลองรัช,ปกติ,1,0,0,0,ขับรถเร็วเกินไป
2015-12-25,08:31:31,ฉลองรัช,ปกติ,1,0,0,0,ขับรถเร็วเกินไป
2015-12-24,19:00:00,ฉลองรัช,ปกติ,0,1,0,0,ขับรถเร็วเกินไป
2015-12-25,20:45:45,ฉลองรัช,ปกติ,0,1,0,0,ขับรถเร็วเกินไป
2016-04-14,02:00:00,ฉลองรัช,ปกติ,0,0,0,0,ขับรถเร็วเกินไป
2016-09-18,23:06:06,ฉลองรัช,ปกติ,0,1,0,0,ขับรถเร็วเกินไป
2016-05-11,05:35:35,ฉลองรัช,ปกติ,1,0,0,0,ขับรถเร็วเกินไป
2015-10-19,02:35:35,ฉลองรัช,ปกติ,0,0,1,0,ขับรถเร็วเกินไป
2015-11-26,05:45:45,ฉลองรัช,ปกติ,0,0,0,0,ขับรถเร็วเกินไป
2016-04-23,03:03:03,ฉลองรัช,ปกติ,0,0,0,0,ขับรถเร็วเกินไป
2016-06-28,03:20:20,ฉลองรัช,ปกติ,1,0,0,0,ขับรถเร็วเกินไป
2016-01-26,13:52:52,ฉลองรัช,ปกติ,0,0,0,0,ขับรถเร็วเกินไป
2015-10-07,20:36:36,ฉลองรัช,ปกติ,0,0,0,0,ขับรถเร็วเกินไป
2015-11-20,20:50:50,ฉลองรัช,ปกติ,1,0,0,0,ขับรถเร็วเกินไป
2016-06-25,16:16:16,ฉลองรัช,ปกติ,0,0,0,0,ขับรถเร็วเกินไป
2016-02-23,20:00:00,ฉลองรัช,ปกติ,0,0,0,0,ขับรถเร็วเกินไป
2016-09-18,04:50:50,ฉลองรัช,ฝนตก,0,0,0,0,ขับรถเร็วเกินไป
2016-03-02,01:15:15,ฉลองรัช,ปกติ,3,0,0,0,ขับรถเร็วเกินไป
2015-12-11,11:02:02,ฉลองรัช,ปกติ,0,0,0,0,ขับรถเร็วเกินไป
2016-01-30,01:08:08,ฉลองรัช,ปกติ,0,2,0,0,ขับรถเร็วเกินไป
2016-06-22,00:19:19,ฉลองรัช,ปกติ,0,0,0,0,ขับรถเร็วเกินไป
2015-12-13,00:20:20,ฉลองรัช,ปกติ,0,0,0,0,ขับรถเร็วเกินไป
2015-11-04,19:26:26,ฉลองรัช,ปกติ,0,0,0,0,ขับรถเร็วเกินไป
2016-02-04,01:07:07,ฉลองรัช,ปกติ,0,0,0,0,ขับรถเร็วเกินไป
2016-03-02,03:28:28,ฉลองรัช,ปกติ,0,0,0,0,ขับรถเร็วเกินไป
2016-02-23,15:18:18,ฉลองรัช,ปกติ,0,0,0,0,ขับรถเร็วเกินไป
2016-01-29,19:26:26,บูรพาวิถี,ปกติ,0,2,0,0,ขับรถเร็วเกินไป
2015-12-27,13:49:49,บูรพาวิถี,ปกติ,0,0,0,0,ขับรถเร็วเกินไป
2015-11-12,11:38:38,บูรพาวิถี,ปกติ,3,0,0,0,ขับรถเร็วเกินไป
2015-10-05,22:06:06,บูรพาวิถี,ปกติ,3,2,0,0,ขับรถเร็วเกินไป
2015-12-20,20:20:20,บูรพาวิถี,ปกติ,1,4,0,0,ขับรถเร็วเกินไป
2015-11-15,10:53:53,บูรพาวิถี,ปกติ,0,0,0,0,ขับรถเร็วเกินไป
2015-12-11,07:11:11,บูรพาวิถี,ปกติ,0,0,0,0,ขับรถเร็วเกินไป
2015-12-05,13:12:12,บูรพาวิถี,ปกติ,0,0,0,0,ขับรถเร็วเกินไป
2015-12-27,20:43:43,บูรพาวิถี,ปกติ,0,0,0,0,ขับรถเร็วเกินไป
2016-09-06,11:20:20,บูรพาวิถี,ปกติ,0,1,0,0,ขับรถเร็วเกินไป
2015-10-12,15:09:09,บูรพาวิถี,ปกติ,0,4,0,0,ขับรถเร็วเกินไป
2016-09-03,06:03:03,บูรพาวิถี,ปกติ,0,2,0,0,ขับรถเร็วเกินไป
2016-09-03,03:02:02,บูรพาวิถี,ปกติ,0,0,0,0,ขับรถเร็วเกินไป
2016-04-04,05:00:00,บูรพาวิถี,ปกติ,0,0,0,0,ขับรถเร็วเกินไป
2016-08-21,19:08:08,บูรพาวิถี,ปกติ,1,0,0,0,ขับรถเร็วเกินไป
2015-10-02,23:55:55,บูรพาวิถี,ปกติ,2,2,0,0,ขับรถเร็วเกินไป
2015-11-28,08:00:00,บูรพาวิถี,ปกติ,7,1,0,0,ขับรถเร็วเกินไป
2016-06-30,19:46:46,บูรพาวิถี,ปกติ,0,0,0,0,ขับรถเร็วเกินไป
2016-02-04,01:05:05,บูรพาวิถี,ปกติ,0,0,0,0,ขับรถเร็วเกินไป
2016-03-01,18:51:51,บูรพาวิถี,ปกติ,0,1,0,0,ขับรถเร็วเกินไป
2016-08-07,11:40:40,บูรพาวิถี,ปกติ,1,2,0,0,ขับรถเร็วเกินไป
2016-09-05,23:01:01,บูรพาวิถี,ฝนตก,0,0,0,0,ขับรถเร็วเกินไป
2015-12-24,00:30:30,บูรพาวิถี,ปกติ,1,0,0,0,ขับรถเร็วเกินไป
2016-01-26,16:42:42,บูรพาวิถี,ปกติ,0,0,0,0,ขับรถเร็วเกินไป
2016-08-01,17:06:06,บูรพาวิถี,ปกติ,0,0,0,0,ขับรถเร็วเกินไป
2015-11-24,15:47:47,บูรพาวิถี,ปกติ,1,0,0,0,ขับรถเร็วเกินไป
2016-01-17,23:00:00,บูรพาวิถี,ปกติ,0,0,0,0,ขับรถเร็วเกินไป
2015-12-04,19:00:00,บูรพาวิถี,ปกติ,0,0,0,0,ขับรถเร็วเกินไป
2016-03-07,16:56:56,บูรพาวิถี,ปกติ,0,3,0,0,ขับรถเร็วเกินไป
2016-02-05,13:10:10,บูรพาวิถี,ปกติ,0,0,0,0,ขับรถเร็วเกินไป
2016-07-27,14:25:25,บูรพาวิถี,ฝนตก,0,0,0,0,ขับรถเร็วเกินไป
2015-10-20,06:25:25,บูรพาวิถี,ปกติ,0,0,0,0,ขับรถเร็วเกินไป
2016-01-10,08:15:15,บูรพาวิถี,ปกติ,0,1,0,0,ขับรถเร็วเกินไป
2015-11-02,08:51:51,บูรพาวิถี,ปกติ,1,0,0,0,ขับรถเร็วเกินไป
2016-07-26,07:18:18,บูรพาวิถี,ปกติ,0,0,0,0,ขับรถเร็วเกินไป
2015-12-14,12:32:32,บูรพาวิถี,ปกติ,2,1,0,0,ขับรถเร็วเกินไป
2016-06-16,12:08:08,บูรพาวิถี,ปกติ,0,0,0,0,ขับรถเร็วเกินไป
2015-11-27,10:19:19,บูรพาวิถี,ปกติ,0,0,0,0,ขับรถเร็วเกินไป
2016-07-08,12:34:34,บูรพาวิถี,ปกติ,0,0,0,0,ขับรถเร็วเกินไป
2016-05-20,10:07:07,บูรพาวิถี,ปกติ,0,3,0,0,ขับรถเร็วเกินไป
2016-07-10,02:10:10,บูรพาวิถี,ปกติ,0,0,0,0,ขับรถเร็วเกินไป
2016-07-04,12:06:06,บูรพาวิถี,ปกติ,0,0,0,0,ขับรถเร็วเกินไป
2016-05-05,05:54:54,บูรพาวิถี,ปกติ,0,0,0,0,ขับรถเร็วเกินไป
2016-05-20,21:40:40,บูรพาวิถี,ปกติ,0,0,0,0,ขับรถเร็วเกินไป
2015-10-01,06:03:03,บูรพาวิถี,ปกติ,1,0,0,0,ขับรถเร็วเกินไป
2016-09-09,20:17:17,บูรพาวิถี,ปกติ,0,0,0,0,ขับรถเร็วเกินไป
2016-03-26,19:52:52,บูรพาวิถี,ปกติ,0,1,0,0,ขับรถเร็วเกินไป
2016-03-01,16:30:30,บูรพาวิถี,ปกติ,0,0,0,0,ขับรถเร็วเกินไป
2016-04-22,15:58:58,บูรพาวิถี,ปกติ,0,0,0,0,ขับรถเร็วเกินไป
2016-08-03,18:36:36,บูรพาวิถี,ปกติ,0,0,0,0,ขับรถเร็วเกินไป
2015-10-23,08:53:53,บูรพาวิถี,ปกติ,0,0,0,0,ขับรถเร็วเกินไป
2016-04-26,17:50:50,บูรพาวิถี,ปกติ,0,1,0,0,ขับรถเร็วเกินไป
2016-05-27,15:25:25,บูรพาวิถี,ปกติ,1,0,0,0,ขับรถเร็วเกินไป
2016-09-03,09:12:12,บูรพาวิถี,ปกติ,0,0,0,0,ขับรถเร็วเกินไป
2016-05-28,08:18:18,บูรพาวิถี,ปกติ,0,0,0,0,ขับรถเร็วเกินไป
2016-04-07,21:36:36,บูรพาวิถี,ปกติ,0,1,2,2,ขับรถเร็วเกินไป
2015-11-04,10:07:07,บูรพาวิถี,ปกติ,1,0,0,0,ขับรถเร็วเกินไป
2016-02-16,11:00:00,บูรพาวิถี,ปกติ,0,0,0,0,ขับรถเร็วเกินไป
2015-10-08,09:22:22,บูรพาวิถี,ปกติ,0,0,0,0,ขับรถเร็วเกินไป
2016-06-09,07:37:37,บูรพาวิถี,ปกติ,0,1,0,0,ขับรถเร็วเกินไป
2015-10-09,18:00:00,บูรพาวิถี,ปกติ,0,0,0,0,ขับรถเร็วเกินไป
2016-01-25,12:56:56,บูรพาวิถี,ปกติ,1,0,0,0,ขับรถเร็วเกินไป
2015-10-05,13:35:35,บูรพาวิถี,ปกติ,0,0,0,0,ขับรถเร็วเกินไป
2016-09-19,04:45:45,บูรพาวิถี,ถนนเปียกรื่น,0,2,0,0,ขับรถเร็วเกินไป
2015-10-20,19:58:58,บูรพาวิถี,ปกติ,0,0,0,0,ขับรถเร็วเกินไป
2016-08-15,13:30:30,บูรพาวิถี,ปกติ,0,0,0,0,ขับรถเร็วเกินไป
2016-07-27,06:49:49,บูรพาวิถี,ปกติ,0,1,0,0,ขับรถเร็วเกินไป
2016-02-21,08:00:00,บูรพาวิถี,ปกติ,0,0,0,0,ขับรถเร็วเกินไป
2016-02-19,19:11:11,บูรพาวิถี,ปกติ,0,0,0,0,ขับรถเร็วเกินไป
2016-07-16,10:21:21,บูรพาวิถี,ปกติ,0,0,0,0,ขับรถเร็วเกินไป
2015-11-11,11:33:33,บูรพาวิถี,ปกติ,0,0,0,0,ขับรถเร็วเกินไป
2015-10-27,13:25:25,บูรพาวิถี,ปกติ,0,0,0,0,ขับรถเร็วเกินไป
2016-02-20,05:30:30,บูรพาวิถี,ปกติ,1,0,0,0,ขับรถเร็วเกินไป
2015-10-29,16:21:21,บูรพาวิถี,ปกติ,0,0,0,0,ขับรถเร็วเกินไป
2016-07-15,21:08:08,บูรพาวิถี,ปกติ,1,0,0,0,ขับรถเร็วเกินไป
2016-09-18,23:20:20,บูรพาวิถี,ถนนเปียกรื่น,0,0,0,0,ขับรถเร็วเกินไป
2015-10-20,06:26:26,บูรพาวิถี,ปกติ,2,1,0,0,ขับรถเร็วเกินไป
2016-05-28,14:33:33,บูรพาวิถี,ปกติ,1,0,0,0,ขับรถเร็วเกินไป
2016-07-13,18:20:20,บูรพาวิถี,ฝนตก,0,1,0,0,ขับรถเร็วเกินไป
2016-02-04,10:18:18,บูรพาวิถี,ปกติ,2,0,0,0,ขับรถเร็วเกินไป
2016-02-12,18:36:36,บูรพาวิถี,ปกติ,1,1,0,0,ขับรถเร็วเกินไป
2016-09-18,23:20:20,บูรพาวิถี,ฝนตก,0,0,0,0,ขับรถเร็วเกินไป
2016-02-15,05:56:56,บูรพาวิถี,ปกติ,0,0,0,0,ขับรถเร็วเกินไป
2016-09-16,17:00:00,บูรพาวิถี,ปกติ,0,0,0,0,ขับรถเร็วเกินไป
2016-06-10,23:25:25,บูรพาวิถี,ปกติ,1,2,0,0,ขับรถเร็วเกินไป
2015-10-07,14:59:59,บูรพาวิถี,ปกติ,0,0,0,0,ขับรถเร็วเกินไป
2016-04-29,20:53:53,บูรพาวิถี,ปกติ,0,0,0,0,ขับรถเร็วเกินไป
2015-11-12,08:00:00,บูรพาวิถี,ปกติ,0,0,0,0,ขับรถเร็วเกินไป
2016-05-10,14:03:03,บูรพาวิถี,ปกติ,0,0,0,0,ขับรถเร็วเกินไป
2015-10-30,19:08:08,บูรพาวิถี,ปกติ,0,0,0,0,ขับรถเร็วเกินไป
2016-04-01,00:50:50,บูรพาวิถี,ปกติ,0,0,0,0,ขับรถเร็วเกินไป
2015-11-03,12:33:33,บูรพาวิถี,ปกติ,1,0,0,0,ขับรถเร็วเกินไป
2016-04-21,14:07:07,บูรพาวิถี,ปกติ,0,0,0,0,ขับรถเร็วเกินไป
2015-10-14,10:41:41,บูรพาวิถี,ปกติ,1,0,0,0,ขับรถเร็วเกินไป
2016-09-25,00:28:28,บูรพาวิถี,ฝนตก,0,0,0,0,ขับรถเร็วเกินไป
2016-01-30,19:08:08,บูรพาวิถี,ปกติ,0,0,0,0,ขับรถเร็วเกินไป
2015-12-22,06:25:25,บูรพาวิถี,ปกติ,0,0,0,0,ขับรถเร็วเกินไป
2015-11-05,18:46:46,บูรพาวิถี,ปกติ,1,0,0,0,ขับรถเร็วเกินไป
2016-02-24,15:00:00,บูรพาวิถี,ปกติ,1,0,0,0,ขับรถเร็วเกินไป
2015-10-28,07:54:54,บูรพาวิถี,ปกติ,0,0,0,0,ขับรถเร็วเกินไป
2015-12-20,19:53:53,บูรพาวิถี,ปกติ,0,0,0,0,ขับรถเร็วเกินไป
2016-05-11,06:57:57,บูรพาวิถี,ปกติ,0,1,0,0,ขับรถเร็วเกินไป
2016-01-11,21:24:24,อุดรรัถยา,ปกติ,1,0,0,0,ขับรถเร็วเกินไป
2015-10-10,19:55:55,อุดรรัถยา,ฝนตก,0,1,0,0,ขับรถเร็วเกินไป
2016-05-15,20:10:10,อุดรรัถยา,ปกติ,3,0,0,0,ขับรถเร็วเกินไป
2016-09-23,07:31:31,อุดรรัถยา,ฝนตก,0,2,0,0,ขับรถเร็วเกินไป
2015-12-21,11:58:58,อุดรรัถยา,ปกติ,3,0,0,0,ขับรถเร็วเกินไป
2016-08-18,22:52:52,อุดรรัถยา,ปกติ,0,0,0,0,ขับรถเร็วเกินไป
2015-11-03,07:58:58,อุดรรัถยา,ปกติ,0,1,0,0,ขับรถเร็วเกินไป
2015-10-23,01:18:18,อุดรรัถยา,ปกติ,1,0,0,0,ขับรถเร็วเกินไป
2016-08-24,22:11:11,อุดรรัถยา,ฝนตก,0,0,0,0,ขับรถเร็วเกินไป
2016-01-09,07:50:50,อุดรรัถยา,ปกติ,0,0,0,0,ขับรถเร็วเกินไป
2016-05-01,18:54:54,อุดรรัถยา,ปกติ,0,1,0,0,ขับรถเร็วเกินไป
2016-07-07,21:58:58,อุดรรัถยา,ฝนตก,0,0,0,0,ขับรถเร็วเกินไป
2015-11-21,08:27:27,อุดรรัถยา,ปกติ,0,0,0,0,ขับรถเร็วเกินไป
2016-08-12,11:25:25,อุดรรัถยา,ปกติ,0,0,0,0,ขับรถเร็วเกินไป
2016-03-08,12:17:17,อุดรรัถยา,ปกติ,0,0,0,0,ขับรถเร็วเกินไป
2016-09-17,09:30:30,อุดรรัถยา,ปกติ,0,0,0,0,ขับรถเร็วเกินไป
2016-09-30,20:59:59,อุดรรัถยา,ปกติ,0,0,0,0,ขับรถเร็วเกินไป
2016-02-05,16:35:35,อุดรรัถยา,ปกติ,0,2,0,0,ขับรถเร็วเกินไป
2015-11-08,15:27:27,อุดรรัถยา,ปกติ,0,0,0,0,ขับรถเร็วเกินไป
2016-02-26,13:46:46,อุดรรัถยา,ปกติ,0,0,0,0,ขับรถเร็วเกินไป
2016-05-26,14:27:27,อุดรรัถยา,ปกติ,2,1,0,0,ขับรถเร็วเกินไป
2015-10-09,22:08:08,อุดรรัถยา,ปกติ,0,0,0,0,ขับรถเร็วเกินไป
2016-01-08,18:38:38,อุดรรัถยา,ปกติ,0,0,0,0,ขับรถเร็วเกินไป
2016-09-21,23:06:06,อุดรรัถยา,ฝนตก,0,0,0,0,ขับรถเร็วเกินไป
2016-05-30,23:41:41,อุดรรัถยา,ฝนตก,0,0,0,0,ขับรถเร็วเกินไป
2016-02-08,15:04:04,อุดรรัถยา,ปกติ,0,0,0,0,ขับรถเร็วเกินไป
2016-02-19,08:30:30,อุดรรัถยา,ปกติ,0,0,0,0,ขับรถเร็วเกินไป
2015-12-11,09:38:38,อุดรรัถยา,ปกติ,1,0,0,0,ขับรถเร็วเกินไป
2016-02-27,19:57:57,อุดรรัถยา,ปกติ,0,0,0,0,ขับรถเร็วเกินไป
2016-07-06,21:55:55,อุดรรัถยา,ฝนตก,0,0,0,0,ขับรถเร็วเกินไป
2016-03-01,23:53:53,อุดรรัถยา,ปกติ,0,0,0,0,ขับรถเร็วเกินไป
2016-07-25,06:52:52,อุดรรัถยา,ปกติ,0,0,0,0,ขับรถเร็วเกินไป
2015-10-18,00:44:44,เฉลิมมหานคร,ปกติ,0,0,0,0,ขับรถเร็วเกินไป
2016-08-09,03:17:17,เฉลิมมหานคร,ปกติ,3,0,0,0,ขับรถเร็วเกินไป
2016-08-05,22:22:22,เฉลิมมหานคร,ฝนตก,2,0,0,0,ขับรถเร็วเกินไป
2016-02-12,12:58:58,เฉลิมมหานคร,ปกติ,0,0,0,0,ขับรถเร็วเกินไป
2016-05-21,18:50:50,เฉลิมมหานคร,ปกติ,0,0,0,0,ขับรถเร็วเกินไป
2016-04-05,04:27:27,เฉลิมมหานคร,ปกติ,1,0,0,0,ขับรถเร็วเกินไป
2015-12-12,05:34:34,เฉลิมมหานคร,ปกติ,0,0,0,0,ขับรถเร็วเกินไป
2016-05-21,14:10:10,เฉลิมมหานคร,ปกติ,0,0,0,0,ขับรถเร็วเกินไป
2016-08-29,20:17:17,เฉลิมมหานคร,ปกติ,0,0,0,0,ขับรถเร็วเกินไป
2015-12-24,01:00:00,เฉลิมมหานคร,ปกติ,0,0,0,0,ขับรถเร็วเกินไป
2016-03-23,05:09:09,เฉลิมมหานคร,ปกติ,2,0,0,0,ขับรถเร็วเกินไป
2016-06-15,07:43:43,เฉลิมมหานคร,ปกติ,0,1,0,0,ขับรถเร็วเกินไป
2016-03-30,23:05:05,เฉลิมมหานคร,ปกติ,0,0,0,0,ขับรถเร็วเกินไป
2016-06-06,08:53:53,เฉลิมมหานคร,ปกติ,0,0,0,0,ขับรถเร็วเกินไป
2015-11-21,17:11:11,เฉลิมมหานคร,ปกติ,2,3,0,0,ขับรถเร็วเกินไป
2016-03-08,02:02:02,เฉลิมมหานคร,ปกติ,0,0,0,0,ขับรถเร็วเกินไป
2016-07-21,04:45:45,เฉลิมมหานคร,ฝนตก,0,0,0,0,ขับรถเร็วเกินไป
2016-04-17,02:56:56,เฉลิมมหานคร,ปกติ,1,0,0,0,ขับรถเร็วเกินไป
2016-02-27,06:35:35,เฉลิมมหานคร,ปกติ,0,0,0,0,ขับรถเร็วเกินไป
2015-12-30,21:37:37,เฉลิมมหานคร,ปกติ,0,1,0,0,ขับรถเร็วเกินไป
2016-08-31,11:00:00,เฉลิมมหานคร,ปกติ,0,1,0,0,ขับรถเร็วเกินไป
2016-07-31,00:06:06,เฉลิมมหานคร,กลางคืน,0,0,0,0,ขับรถเร็วเกินไป
2016-02-28,20:14:14,เฉลิมมหานคร,ปกติ,0,0,0,0,ขับรถเร็วเกินไป
2016-08-31,21:12:12,เฉลิมมหานคร,ปกติ,0,1,0,0,ขับรถเร็วเกินไป
2016-05-05,14:52:52,เฉลิมมหานคร,ปกติ,0,0,0,0,ขับรถเร็วเกินไป
2016-06-30,20:31:31,เฉลิมมหานคร,ปกติ,0,0,0,0,ขับรถเร็วเกินไป
2015-12-15,20:40:40,เฉลิมมหานคร,ปกติ,0,0,0,0,ขับรถเร็วเกินไป
2016-01-29,14:56:56,เฉลิมมหานคร,ปกติ,2,1,0,0,ขับรถเร็วเกินไป
2015-12-29,18:54:54,เฉลิมมหานคร,ปกติ,0,1,0,0,ขับรถเร็วเกินไป
2015-10-11,00:41:41,เฉลิมมหานคร,ปกติ,0,0,0,0,ขับรถเร็วเกินไป
2015-11-21,22:17:17,เฉลิมมหานคร,ปกติ,1,0,0,0,ขับรถเร็วเกินไป
2016-06-29,05:00:00,เฉลิมมหานคร,ปกติ,3,0,0,0,ขับรถเร็วเกินไป
2015-12-26,18:22:22,เฉลิมมหานคร,ปกติ,0,0,0,0,ขับรถเร็วเกินไป
2016-05-11,04:08:08,เฉลิมมหานคร,ปกติ,1,0,0,0,ขับรถเร็วเกินไป
2015-10-20,19:53:53,เฉลิมมหานคร,ปกติ,0,0,0,0,ขับรถเร็วเกินไป
2015-11-14,08:48:48,เฉลิมมหานคร,ปกติ,0,1,0,0,ขับรถเร็วเกินไป
2016-01-04,11:50:50,เฉลิมมหานคร,ปกติ,0,1,0,0,ขับรถเร็วเกินไป
2016-06-06,18:14:14,เฉลิมมหานคร,ปกติ,1,1,0,0,ขับรถเร็วเกินไป
2016-08-21,03:33:33,เฉลิมมหานคร,ปกติ,0,1,0,0,ขับรถเร็วเกินไป
2016-01-24,16:30:30,เฉลิมมหานคร,ปกติ,1,0,0,0,ขับรถเร็วเกินไป
2016-09-04,20:48:48,เฉลิมมหานคร,ปกติ,0,0,0,0,ขับรถเร็วเกินไป
2016-03-15,18:42:42,เฉลิมมหานคร,ปกติ,0,0,0,0,ขับรถเร็วเกินไป
2016-07-09,11:41:41,เฉลิมมหานคร,ปกติ,0,0,0,0,ขับรถเร็วเกินไป
2016-07-18,06:33:33,เฉลิมมหานคร,ปกติ,0,0,0,0,ขับรถเร็วเกินไป
2015-11-01,01:35:35,เฉลิมมหานคร,ปกติ,1,0,0,0,ขับรถเร็วเกินไป
2016-06-21,21:33:33,เฉลิมมหานคร,ฝนตก,0,1,0,0,ขับรถเร็วเกินไป
2016-01-03,04:20:20,เฉลิมมหานคร,ปกติ,0,1,0,0,ขับรถเร็วเกินไป
2016-05-15,19:10:10,เฉลิมมหานคร,ปกติ,0,0,0,0,ขับรถเร็วเกินไป
2016-09-12,05:43:43,เฉลิมมหานคร,ปกติ,0,0,0,0,ขับรถเร็วเกินไป
2015-10-25,08:40:40,เฉลิมมหานคร,ปกติ,0,0,0,0,ขับรถเร็วเกินไป
2016-08-23,16:52:52,เฉลิมมหานคร,ปกติ,0,2,0,0,ขับรถเร็วเกินไป
2016-05-29,20:10:10,เฉลิมมหานคร,ปกติ,1,0,0,0,ขับรถเร็วเกินไป
2016-07-31,15:21:21,เฉลิมมหานคร,ปกติ,0,3,0,0,ขับรถเร็วเกินไป
2016-06-12,05:00:00,เฉลิมมหานคร,ปกติ,1,0,0,0,ขับรถเร็วเกินไป
2015-10-31,00:35:35,เฉลิมมหานคร,ปกติ,0,0,0,0,ขับรถเร็วเกินไป
2016-02-19,11:27:27,เฉลิมมหานคร,ปกติ,2,0,0,0,ขับรถเร็วเกินไป
2016-05-20,11:16:16,เฉลิมมหานคร,ปกติ,1,0,0,0,ขับรถเร็วเกินไป
2015-12-12,05:33:33,เฉลิมมหานคร,ปกติ,0,0,0,0,ขับรถเร็วเกินไป
2016-02-08,12:56:56,เฉลิมมหานคร,ปกติ,0,3,0,0,ขับรถเร็วเกินไป
2015-10-03,03:15:15,เฉลิมมหานคร,ปกติ,1,2,0,0,ขับรถเร็วเกินไป
2015-11-06,21:40:40,เฉลิมมหานคร,ปกติ,1,1,0,0,ขับรถเร็วเกินไป
2016-07-02,21:55:55,เฉลิมมหานคร,ปกติ,0,0,1,0,ขับรถเร็วเกินไป
2016-05-15,14:49:49,เฉลิมมหานคร,ปกติ,1,0,0,0,ขับรถเร็วเกินไป
2016-05-24,17:11:11,เฉลิมมหานคร,ปกติ,0,0,0,0,ขับรถเร็วเกินไป
2016-07-29,14:55:55,เฉลิมมหานคร,ปกติ,0,0,0,0,ขับรถเร็วเกินไป
2015-12-11,02:50:50,เฉลิมมหานคร,ปกติ,0,0,0,0,ขับรถเร็วเกินไป
2015-12-03,02:35:35,เฉลิมมหานคร,ปกติ,3,0,0,0,ขับรถเร็วเกินไป
2016-02-17,12:22:22,เฉลิมมหานคร,ปกติ,1,0,0,0,ขับรถเร็วเกินไป
2016-05-27,15:38:38,เฉลิมมหานคร,ปกติ,0,0,0,0,ขับรถเร็วเกินไป
2015-10-19,13:21:21,เฉลิมมหานคร,ฝนตก,1,0,0,0,ขับรถเร็วเกินไป
2016-02-09,09:18:18,บางพลี-สุขสวัสดิ์,ปกติ,0,0,0,0,ขับรถเร็วเกินไป
2016-01-11,17:23:23,บางพลี-สุขสวัสดิ์,ปกติ,0,0,0,0,ขับรถเร็วเกินไป
2015-11-09,04:55:55,บางพลี-สุขสวัสดิ์,ปกติ,1,0,0,0,ขับรถเร็วเกินไป
2016-02-03,13:55:55,บางพลี-สุขสวัสดิ์,ปกติ,0,0,0,0,ขับรถเร็วเกินไป
2015-12-27,02:02:02,บางพลี-สุขสวัสดิ์,ปกติ,1,0,0,0,ขับรถเร็วเกินไป
2016-08-02,10:14:14,บางพลี-สุขสวัสดิ์,ปกติ,0,0,0,0,ขับรถเร็วเกินไป
2016-03-09,20:44:44,บางพลี-สุขสวัสดิ์,ปกติ,0,0,0,0,ขับรถเร็วเกินไป
2016-05-04,15:37:37,บางพลี-สุขสวัสดิ์,ปกติ,0,0,0,0,ขับรถเร็วเกินไป
2016-01-11,05:50:50,บางพลี-สุขสวัสดิ์,ปกติ,0,1,0,0,ขับรถเร็วเกินไป
2016-07-15,16:33:33,บางพลี-สุขสวัสดิ์,ปกติ,2,0,0,0,ขับรถเร็วเกินไป
2015-12-09,20:03:03,บางพลี-สุขสวัสดิ์,ปกติ,0,0,0,0,ขับรถเร็วเกินไป
2016-01-11,11:30:30,บางพลี-สุขสวัสดิ์,ปกติ,0,0,0,0,ขับรถเร็วเกินไป
2015-10-01,12:58:58,บางพลี-สุขสวัสดิ์,ฝนตก,0,0,0,0,ขับรถเร็วเกินไป
2015-10-14,21:15:15,บางพลี-สุขสวัสดิ์,ปกติ,0,0,0,0,ขับรถเร็วเกินไป
2016-07-18,12:00:00,บางพลี-สุขสวัสดิ์,ปกติ,0,0,0,0,ขับรถเร็วเกินไป
2016-03-03,04:43:43,บางพลี-สุขสวัสดิ์,ปกติ,0,0,0,0,ขับรถเร็วเกินไป
2016-09-25,23:32:32,บางพลี-สุขสวัสดิ์,ปกติ,0,0,0,0,ขับรถเร็วเกินไป
2015-12-15,20:30:30,บางพลี-สุขสวัสดิ์,ปกติ,0,0,0,0,ขับรถเร็วเกินไป
2016-04-21,23:24:24,บางพลี-สุขสวัสดิ์,ปกติ,0,0,0,0,ขับรถเร็วเกินไป
2015-10-23,09:18:18,บางพลี-สุขสวัสดิ์,ปกติ,0,0,0,0,ขับรถเร็วเกินไป
2016-04-07,01:48:48,บางพลี-สุขสวัสดิ์,ปกติ,0,0,0,0,ขับรถเร็วเกินไป
2015-12-12,05:12:12,บางพลี-สุขสวัสดิ์,ปกติ,0,0,0,0,ขับรถเร็วเกินไป
2016-09-22,11:54:54,บางพลี-สุขสวัสดิ์,ปกติ,0,1,0,0,ขับรถเร็วเกินไป
2015-12-14,02:55:55,บางพลี-สุขสวัสดิ์,ปกติ,1,0,0,0,ขับรถเร็วเกินไป
2015-12-29,16:20:20,บางพลี-สุขสวัสดิ์,ปกติ,0,1,0,0,ขับรถเร็วเกินไป
2016-01-30,11:28:28,บางพลี-สุขสวัสดิ์,ปกติ,1,2,0,0,ขับรถเร็วเกินไป
2016-09-15,09:27:27,บางพลี-สุขสวัสดิ์,ปกติ,1,0,0,0,ขับรถเร็วเกินไป
2016-01-29,01:38:38,บางพลี-สุขสวัสดิ์,ปกติ,1,0,0,0,ขับรถเร็วเกินไป
2016-07-27,06:00:00,บางพลี-สุขสวัสดิ์,ปกติ,0,0,0,0,ขับรถเร็วเกินไป
2015-11-20,12:47:47,บางพลี-สุขสวัสดิ์,ปกติ,0,0,0,0,ขับรถเร็วเกินไป
2016-03-09,09:50:50,บางพลี-สุขสวัสดิ์,ปกติ,0,0,0,0,ขับรถเร็วเกินไป
2016-05-07,10:54:54,บางพลี-สุขสวัสดิ์,ปกติ,1,0,0,0,ขับรถเร็วเกินไป
2016-01-26,13:19:19,บางพลี-สุขสวัสดิ์,ปกติ,1,0,0,0,ขับรถเร็วเกินไป
2016-08-19,09:43:43,บางพลี-สุขสวัสดิ์,ปกติ,0,0,0,0,ขับรถเร็วเกินไป
2016-06-14,16:46:46,บางพลี-สุขสวัสดิ์,ปกติ,0,0,0,0,ขับรถเร็วเกินไป
2016-01-06,06:53:53,บางพลี-สุขสวัสดิ์,ปกติ,0,0,0,0,ขับรถเร็วเกินไป
2016-02-02,00:48:48,บางพลี-สุขสวัสดิ์,ปกติ,0,0,0,0,ขับรถเร็วเกินไป
2015-10-14,15:57:57,บางพลี-สุขสวัสดิ์,ปกติ,0,0,0,0,ขับรถเร็วเกินไป
2015-12-16,23:22:22,บางพลี-สุขสวัสดิ์,ปกติ,0,0,0,0,ขับรถเร็วเกินไป
2016-01-19,08:44:44,บางพลี-สุขสวัสดิ์,ปกติ,1,0,0,0,ขับรถเร็วเกินไป
2016-06-10,14:24:24,บางพลี-สุขสวัสดิ์,ปกติ,0,0,0,0,ขับรถเร็วเกินไป
2015-11-11,20:53:53,บางพลี-สุขสวัสดิ์,ปกติ,0,0,0,0,ขับรถเร็วเกินไป
2016-04-01,16:25:25,บางพลี-สุขสวัสดิ์,ปกติ,0,0,0,0,ขับรถเร็วเกินไป
2015-11-04,09:20:20,บางพลี-สุขสวัสดิ์,ปกติ,0,0,0,0,ขับรถเร็วเกินไป
2015-11-24,16:51:51,บางพลี-สุขสวัสดิ์,ปกติ,0,0,0,0,ขับรถเร็วเกินไป
2016-06-30,22:00:00,บางพลี-สุขสวัสดิ์,ปกติ,0,0,0,0,ขับรถเร็วเกินไป
2016-07-19,03:41:41,บางพลี-สุขสวัสดิ์,ฝนตก,1,0,0,0,ขับรถเร็วเกินไป
2016-05-28,21:20:20,บางพลี-สุขสวัสดิ์,ปกติ,0,1,0,0,ขับรถเร็วเกินไป
2016-05-12,13:12:12,บางพลี-สุขสวัสดิ์,ปกติ,0,1,0,0,ขับรถเร็วเกินไป
2016-06-20,23:55:55,บางพลี-สุขสวัสดิ์,ฝนตก,0,0,0,0,ขับรถเร็วเกินไป
2016-09-06,23:44:44,บางพลี-สุขสวัสดิ์,ฝนตก,0,0,0,0,ขับรถเร็วเกินไป
2016-02-25,15:53:53,บางพลี-สุขสวัสดิ์,ปกติ,0,0,0,0,ขับรถเร็วเกินไป
2015-10-25,22:16:16,บางพลี-สุขสวัสดิ์,ปกติ,0,1,0,0,ขับรถเร็วเกินไป
2016-01-17,01:04:04,บางพลี-สุขสวัสดิ์,ปกติ,0,0,0,0,ขับรถเร็วเกินไป
2015-12-01,08:32:32,บางพลี-สุขสวัสดิ์,ปกติ,1,1,0,0,ขับรถเร็วเกินไป
2016-03-26,20:16:16,บางพลี-สุขสวัสดิ์,ปกติ,1,1,0,0,ขับรถเร็วเกินไป
2016-07-29,11:31:31,บางพลี-สุขสวัสดิ์,ปกติ,0,2,0,0,ขับรถเร็วเกินไป
2016-04-04,00:29:29,บางพลี-สุขสวัสดิ์,ปกติ,0,0,0,0,ขับรถเร็วเกินไป
2016-03-05,16:40:40,บางพลี-สุขสวัสดิ์,ปกติ,1,0,0,0,ขับรถเร็วเกินไป
2016-09-25,02:31:31,บางพลี-สุขสวัสดิ์,ฝนตก,0,0,0,0,ขับรถเร็วเกินไป
2016-04-30,15:30:30,บางพลี-สุขสวัสดิ์,ปกติ,0,0,0,0,ขับรถเร็วเกินไป
2016-05-12,07:54:54,บางพลี-สุขสวัสดิ์,ปกติ,1,0,0,0,ขับรถเร็วเกินไป
2016-01-10,16:10:10,บางพลี-สุขสวัสดิ์,ปกติ,1,1,0,0,ขับรถเร็วเกินไป
2016-07-08,10:00:00,บางพลี-สุขสวัสดิ์,ปกติ,0,0,0,0,ขับรถเร็วเกินไป
2016-05-29,21:08:08,บางพลี-สุขสวัสดิ์,ปกติ,5,4,0,0,ขับรถเร็วเกินไป
2016-02-29,22:40:40,บางพลี-สุขสวัสดิ์,ปกติ,1,1,0,0,ขับรถเร็วเกินไป
2016-06-10,14:17:17,บางพลี-สุขสวัสดิ์,ปกติ,0,0,0,0,ขับรถเร็วเกินไป
2015-12-04,22:24:24,บางพลี-สุขสวัสดิ์,ปกติ,1,0,0,0,ขับรถเร็วเกินไป
2015-12-19,14:08:08,บางพลี-สุขสวัสดิ์,ปกติ,0,0,0,0,ขับรถเร็วเกินไป
2016-08-02,19:53:53,บางพลี-สุขสวัสดิ์,ปกติ,1,0,0,0,ขับรถเร็วเกินไป
2015-10-24,17:28:28,บางพลี-สุขสวัสดิ์,ปกติ,0,0,0,0,ขับรถเร็วเกินไป
2016-05-06,16:18:18,บางพลี-สุขสวัสดิ์,ปกติ,0,0,0,0,ขับรถเร็วเกินไป
2016-04-25,23:39:39,บางพลี-สุขสวัสดิ์,ปกติ,0,0,0,0,ขับรถเร็วเกินไป
2015-11-06,19:51:51,บางพลี-สุขสวัสดิ์,ปกติ,2,1,0,0,ขับรถเร็วเกินไป
2016-06-07,20:41:41,บางพลี-สุขสวัสดิ์,ปกติ,1,0,0,0,ขับรถเร็วเกินไป
2016-09-17,13:58:58,บางพลี-สุขสวัสดิ์,ปกติ,0,0,0,0,ขับรถเร็วเกินไป
2015-12-29,22:10:10,บางพลี-สุขสวัสดิ์,ปกติ,1,0,0,0,ขับรถเร็วเกินไป
2015-12-15,09:53:53,บางพลี-สุขสวัสดิ์,ปกติ,0,0,0,0,ขับรถเร็วเกินไป
2016-02-05,12:17:17,บางพลี-สุขสวัสดิ์,ปกติ,0,0,0,0,ขับรถเร็วเกินไป
2016-09-15,19:21:21,บางพลี-สุขสวัสดิ์,ปกติ,0,0,0,0,ขับรถเร็วเกินไป
2015-11-06,20:27:27,บางพลี-สุขสวัสดิ์,ปกติ,0,0,0,0,ขับรถเร็วเกินไป
2016-07-06,07:41:41,บางพลี-สุขสวัสดิ์,ปกติ,0,0,0,0,ขับรถเร็วเกินไป
2015-10-10,02:32:32,บางพลี-สุขสวัสดิ์,ฝนตก,0,0,0,0,ขับรถเร็วเกินไป
2016-05-04,12:50:50,บางพลี-สุขสวัสดิ์,ปกติ,0,0,0,0,ขับรถเร็วเกินไป
2016-07-18,20:40:40,บางพลี-สุขสวัสดิ์,ปกติ,1,0,0,0,ขับรถเร็วเกินไป
2015-12-12,19:10:10,บางพลี-สุขสวัสดิ์,ปกติ,0,0,0,0,ขับรถเร็วเกินไป
2016-08-06,03:57:57,บางพลี-สุขสวัสดิ์,ปกติ,2,1,1,0,ขับรถเร็วเกินไป
2016-06-17,23:52:52,บางพลี-สุขสวัสดิ์,ฝนตก,1,0,0,0,ขับรถเร็วเกินไป
2016-09-07,07:20:20,บางพลี-สุขสวัสดิ์,ปกติ,0,0,0,0,ขับรถเร็วเกินไป
2016-08-13,17:55:55,บางพลี-สุขสวัสดิ์,ปกติ,0,0,0,0,ขับรถเร็วเกินไป
2016-09-08,03:40:40,บางพลี-สุขสวัสดิ์,ปกติ,1,0,0,0,ขับรถเร็วเกินไป
2016-01-05,21:58:58,บางพลี-สุขสวัสดิ์,ปกติ,0,0,0,0,ขับรถเร็วเกินไป
2016-03-28,16:10:10,บางพลี-สุขสวัสดิ์,ปกติ,3,0,0,0,ขับรถเร็วเกินไป
2016-09-23,21:55:55,ศรีรัช-วงแหวนรอบนอก,ปกติ,1,0,0,0,ขับรถเร็วเกินไป
2016-09-16,18:36:36,ศรีรัช-วงแหวนรอบนอก,ปกติ,0,0,0,0,ขับรถเร็วเกินไป
2016-09-09,09:58:58,ศรีรัช-วงแหวนรอบนอก,ปกติ,0,0,0,0,ขับรถเร็วเกินไป
2016-09-25,20:33:33,ศรีรัช-วงแหวนรอบนอก,ปกติ,0,0,0,0,ขับรถเร็วเกินไป
2015-10-10,00:19:19,ทางหลวงพิเศษหมายเลข 37,ปกติ,0,0,0,0,ขับรถเร็วเกินไป
2015-12-03,12:15:15,ทางหลวงพิเศษหมายเลข 37,ปกติ,1,0,0,0,ขับรถเร็วเกินไป
2016-03-29,17:15:15,ทางหลวงพิเศษหมายเลข 37,ปกติ,0,0,0,0,ขับรถเร็วเกินไป
2016-09-18,04:59:59,ทางหลวงพิเศษหมายเลข 37,ฝนตก,1,0,0,0,ขับรถเร็วเกินไป
2016-06-10,06:19:19,ทางหลวงพิเศษหมายเลข 37,ปกติ,0,0,0,0,ขับรถเร็วเกินไป
2016-03-27,22:50:50,ทางหลวงพิเศษหมายเลข 37,ปกติ,0,0,0,0,ขับรถเร็วเกินไป
2016-05-25,23:39:39,ทางหลวงพิเศษหมายเลข 37,ปกติ,1,0,0,0,ขับรถเร็วเกินไป
2016-01-02,05:50:50,ทางหลวงพิเศษหมายเลข 37,ปกติ,0,0,0,0,ขับรถเร็วเกินไป
2015-12-07,09:18:18,ทางหลวงพิเศษหมายเลข 37,ปกติ,0,0,0,0,ขับรถเร็วเกินไป
2016-09-23,23:45:45,ทางหลวงพิเศษหมายเลข 37,ปกติ,0,0,0,0,ขับรถเร็วเกินไป
2015-12-04,23:00:00,ทางหลวงพิเศษหมายเลข 37,ปกติ,2,0,0,0,ขับรถเร็วเกินไป
2016-09-02,04:50:50,ทางหลวงพิเศษหมายเลข 37,ปกติ,0,0,0,0,ขับรถเร็วเกินไป
2016-08-07,14:53:53,ทางหลวงพิเศษหมายเลข 37,ปกติ,1,1,0,0,ขับรถเร็วเกินไป
2016-05-23,11:29:29,ทางหลวงพิเศษหมายเลข 37,ปกติ,0,0,0,0,ขับรถเร็วเกินไป
2016-02-25,12:16:16,ทางหลวงพิเศษหมายเลข 37,ปกติ,1,0,0,0,ขับรถเร็วเกินไป
2015-10-26,18:36:36,ทางหลวงพิเศษหมายเลข 37,ปกติ,0,0,0,0,ขับรถเร็วเกินไป
2016-03-15,11:24:24,ทางหลวงพิเศษหมายเลข 37,ปกติ,1,0,0,0,ขับรถเร็วเกินไป
2016-06-10,21:29:29,ทางหลวงพิเศษหมายเลข 37,ปกติ,0,0,0,0,ขับรถเร็วเกินไป
2016-09-20,05:04:04,ทางหลวงพิเศษหมายเลข 37,ปกติ,0,0,0,0,ขับรถเร็วเกินไป
2016-06-06,06:47:47,ทางหลวงพิเศษหมายเลข 37,ปกติ,0,0,0,0,ขับรถเร็วเกินไป
2016-08-18,19:41:41,ทางหลวงพิเศษหมายเลข 37,ปกติ,1,0,0,0,ขับรถเร็วเกินไป
2015-10-28,15:55:55,ทางหลวงพิเศษหมายเลข 37,ปกติ,1,0,0,0,ขับรถเร็วเกินไป
2016-01-01,02:46:46,ทางหลวงพิเศษหมายเลข 37,ปกติ,0,0,0,0,ขับรถเร็วเกินไป
2016-02-26,17:12:12,ทางหลวงพิเศษหมายเลข 37,ปกติ,0,0,0,0,ขับรถเร็วเกินไป
2016-07-26,15:20:20,ทางหลวงพิเศษหมายเลข 37,ปกติ,2,0,0,0,ขับรถเร็วเกินไป
2016-01-11,15:42:42,ทางหลวงพิเศษหมายเลข 37,ปกติ,0,0,0,0,ขับรถเร็วเกินไป
2015-12-12,10:18:18,ทางหลวงพิเศษหมายเลข 37,ปกติ,0,0,0,0,ขับรถเร็วเกินไป
2015-12-24,13:04:04,ทางหลวงพิเศษหมายเลข 37,ปกติ,1,0,0,0,ขับรถเร็วเกินไป
2016-08-24,19:52:52,ทางหลวงพิเศษหมายเลข 37,ปกติ,0,0,0,0,ขับรถเร็วเกินไป
2015-10-19,23:54:54,ทางหลวงพิเศษหมายเลข 37,ปกติ,0,0,0,0,ขับรถเร็วเกินไป
2016-09-19,07:12:12,ทางหลวงพิเศษหมายเลข 37,ปกติ,0,0,0,0,ขับรถเร็วเกินไป
2016-08-13,18:00:00,ทางหลวงพิเศษหมายเลข 37,ปกติ,0,0,0,0,ขับรถเร็วเกินไป
2016-04-21,15:24:24,ทางหลวงพิเศษหมายเลข 37,ปกติ,1,0,0,0,ขับรถเร็วเกินไป
2015-11-26,16:10:10,ทางหลวงพิเศษหมายเลข 37,ปกติ,1,0,0,0,ขับรถเร็วเกินไป
2016-08-24,07:45:45,ทางหลวงพิเศษหมายเลข 37,ปกติ,1,0,0,0,ขับรถเร็วเกินไป
2015-10-26,22:44:44,ศรีรัช,ปกติ,0,0,0,0,สาเหตุจากสภาพรถ/ถนน
2016-09-21,04:23:23,ศรีรัช,ฝนตก,0,0,0,0,สาเหตุจากสภาพรถ/ถนน
2016-04-10,12:05:05,ศรีรัช,ปกติ,0,0,0,0,สาเหตุจากสภาพรถ/ถนน
2016-03-23,14:57:57,ศรีรัช,ปกติ,0,0,0,0,สาเหตุจากสภาพรถ/ถนน
2016-04-12,13:39:39,ศรีรัช,ปกติ,0,0,0,0,สาเหตุจากสภาพรถ/ถนน
2015-12-20,08:14:14,ศรีรัช,ปกติ,0,0,0,0,สาเหตุจากสภาพรถ/ถนน
2016-01-29,20:18:18,ศรีรัช,ปกติ,0,0,0,0,สาเหตุจากสภาพรถ/ถนน
2016-06-02,22:33:33,ศรีรัช,ปกติ,0,0,0,0,สาเหตุจากสภาพรถ/ถนน
2015-11-22,22:43:43,ศรีรัช,ปกติ,0,0,0,0,สาเหตุจากสภาพรถ/ถนน
2016-09-01,21:28:28,ศรีรัช,ปกติ,0,0,0,0,สาเหตุจากสภาพรถ/ถนน
2015-11-02,14:56:56,ศรีรัช,ปกติ,0,0,0,0,สาเหตุจากสภาพรถ/ถนน
2015-12-23,14:17:17,ศรีรัช,ปกติ,0,0,0,0,สาเหตุจากสภาพรถ/ถนน
2016-03-05,07:54:54,ศรีรัช,ปกติ,0,0,0,0,สาเหตุจากสภาพรถ/ถนน
2016-09-26,11:47:47,ศรีรัช,ปกติ,0,0,0,0,สาเหตุจากสภาพรถ/ถนน
2015-10-13,11:19:19,ศรีรัช,ปกติ,0,0,0,0,สาเหตุจากสภาพรถ/ถนน
2016-08-31,15:08:08,ศรีรัช,ปกติ,0,0,0,0,สาเหตุจากสภาพรถ/ถนน
2016-02-17,19:13:13,ศรีรัช,ปกติ,0,1,0,0,สาเหตุจากสภาพรถ/ถนน
2015-11-08,22:09:09,ศรีรัช,ปกติ,0,0,0,0,สาเหตุจากสภาพรถ/ถนน
2016-05-02,21:52:52,ศรีรัช,ปกติ,0,0,0,0,สาเหตุจากสภาพรถ/ถนน
2015-12-22,13:32:32,ศรีรัช,ปกติ,0,0,0,0,สาเหตุจากสภาพรถ/ถนน
2016-02-28,13:01:01,ศรีรัช,ปกติ,0,0,0,0,สาเหตุจากสภาพรถ/ถนน
2016-09-15,00:22:22,ศรีรัช,ปกติ,1,0,0,0,สาเหตุจากสภาพรถ/ถนน
2016-03-01,21:13:13,ศรีรัช,ปกติ,0,0,0,0,สาเหตุจากสภาพรถ/ถนน
2016-01-25,06:33:33,ศรีรัช,ปกติ,0,0,0,0,สาเหตุจากสภาพรถ/ถนน
2015-11-29,09:38:38,ศรีรัช,ปกติ,0,0,0,0,สาเหตุจากสภาพรถ/ถนน
2015-11-24,10:34:34,ศรีรัช,ปกติ,0,0,0,0,สาเหตุจากสภาพรถ/ถนน
2016-05-02,04:48:48,ศรีรัช,ปกติ,0,0,0,0,สาเหตุจากสภาพรถ/ถนน
2016-01-17,23:00:00,ศรีรัช,ปกติ,1,0,0,0,สาเหตุจากสภาพรถ/ถนน
2016-01-22,07:02:02,ศรีรัช,ปกติ,0,0,0,0,สาเหตุจากสภาพรถ/ถนน
2015-10-06,16:11:11,ศรีรัช,ปกติ,0,0,0,0,สาเหตุจากสภาพรถ/ถนน
2016-05-10,05:49:49,ศรีรัช,ปกติ,0,0,0,0,สาเหตุจากสภาพรถ/ถนน
2016-01-22,06:01:01,ศรีรัช,ปกติ,0,0,0,0,สาเหตุจากสภาพรถ/ถนน
2016-04-19,09:26:26,ศรีรัช,ปกติ,0,0,0,0,สาเหตุจากสภาพรถ/ถนน
2016-06-27,07:30:30,ศรีรัช,ปกติ,0,0,0,0,สาเหตุจากสภาพรถ/ถนน
2016-02-16,09:48:48,ศรีรัช,ปกติ,0,0,0,0,สาเหตุจากสภาพรถ/ถนน
2016-08-30,10:34:34,ศรีรัช,ปกติ,0,0,0,0,สาเหตุจากสภาพรถ/ถนน
2016-02-05,11:35:35,ศรีรัช,ปกติ,0,0,0,0,สาเหตุจากสภาพรถ/ถนน
2016-06-11,02:15:15,ฉลองรัช,ปกติ,0,0,0,0,สาเหตุจากสภาพรถ/ถนน
2015-11-12,13:05:05,ฉลองรัช,ปกติ,0,0,0,0,สาเหตุจากสภาพรถ/ถนน
2016-09-01,13:49:49,ฉลองรัช,ปกติ,1,2,1,0,สาเหตุจากสภาพรถ/ถนน
2015-10-15,16:59:59,ฉลองรัช,ปกติ,0,0,0,0,สาเหตุจากสภาพรถ/ถนน
2016-03-07,21:47:47,ฉลองรัช,ปกติ,0,0,0,0,สาเหตุจากสภาพรถ/ถนน
2016-02-20,16:00:00,ฉลองรัช,ปกติ,0,0,0,0,สาเหตุจากสภาพรถ/ถนน
2016-02-25,09:02:02,ฉลองรัช,ปกติ,0,0,0,0,สาเหตุจากสภาพรถ/ถนน
2015-12-24,11:54:54,ฉลองรัช,ปกติ,0,0,0,0,สาเหตุจากสภาพรถ/ถนน
2016-06-26,09:29:29,ฉลองรัช,ปกติ,0,0,0,0,สาเหตุจากสภาพรถ/ถนน
2016-05-29,17:29:29,ฉลองรัช,ปกติ,0,0,0,0,สาเหตุจากสภาพรถ/ถนน
2016-02-07,03:17:17,บูรพาวิถี,ปกติ,0,0,0,0,สาเหตุจากสภาพรถ/ถนน
2016-02-17,09:45:45,บูรพาวิถี,ปกติ,0,0,0,0,สาเหตุจากสภาพรถ/ถนน
2016-08-21,08:58:58,บูรพาวิถี,ปกติ,0,1,0,0,สาเหตุจากสภาพรถ/ถนน
2016-09-13,12:55:55,บูรพาวิถี,ปกติ,0,0,0,0,สาเหตุจากสภาพรถ/ถนน
2016-05-23,13:41:41,บูรพาวิถี,ปกติ,0,0,0,0,สาเหตุจากสภาพรถ/ถนน
2016-01-14,16:10:10,บูรพาวิถี,ปกติ,0,0,0,0,สาเหตุจากสภาพรถ/ถนน
2016-03-17,14:20:20,บูรพาวิถี,ปกติ,0,0,0,0,สาเหตุจากสภาพรถ/ถนน
2016-02-13,14:47:47,บูรพาวิถี,ปกติ,0,0,0,0,สาเหตุจากสภาพรถ/ถนน
2016-03-26,19:08:08,บูรพาวิถี,ปกติ,0,0,0,0,สาเหตุจากสภาพรถ/ถนน
2016-07-30,19:01:01,บูรพาวิถี,ปกติ,0,0,0,0,สาเหตุจากสภาพรถ/ถนน
2016-07-22,10:06:06,บูรพาวิถี,ปกติ,0,0,0,0,สาเหตุจากสภาพรถ/ถนน
2016-09-21,02:29:29,บูรพาวิถี,ปกติ,0,0,0,0,สาเหตุจากสภาพรถ/ถนน
2016-05-03,08:46:46,บูรพาวิถี,ปกติ,1,0,0,0,สาเหตุจากสภาพรถ/ถนน
2016-07-02,12:59:59,บูรพาวิถี,ปกติ,0,0,0,0,สาเหตุจากสภาพรถ/ถนน
2016-02-07,00:01:01,บูรพาวิถี,ปกติ,0,1,0,0,สาเหตุจากสภาพรถ/ถนน
2016-05-07,17:19:19,บูรพาวิถี,ปกติ,0,0,0,0,สาเหตุจากสภาพรถ/ถนน
2016-06-05,04:20:20,บูรพาวิถี,ปกติ,0,0,0,0,สาเหตุจากสภาพรถ/ถนน
2015-11-21,11:50:50,บูรพาวิถี,ปกติ,0,0,0,0,สาเหตุจากสภาพรถ/ถนน
2015-12-19,07:04:04,บูรพาวิถี,ปกติ,0,0,0,0,สาเหตุจากสภาพรถ/ถนน
2015-11-12,21:33:33,บูรพาวิถี,ปกติ,1,0,0,0,สาเหตุจากสภาพรถ/ถนน
2016-02-15,10:16:16,บูรพาวิถี,ปกติ,2,1,0,0,สาเหตุจากสภาพรถ/ถนน
2016-02-26,20:20:20,บูรพาวิถี,ปกติ,0,0,0,0,สาเหตุจากสภาพรถ/ถนน
2016-07-22,14:33:33,บูรพาวิถี,ปกติ,0,0,0,0,สาเหตุจากสภาพรถ/ถนน
2015-12-11,22:19:19,บูรพาวิถี,ปกติ,0,0,0,0,สาเหตุจากสภาพรถ/ถนน
2016-09-24,20:21:21,บูรพาวิถี,ปกติ,0,0,0,0,สาเหตุจากสภาพรถ/ถนน
2016-02-14,01:04:04,บูรพาวิถี,ปกติ,1,0,0,0,สาเหตุจากสภาพรถ/ถนน
2016-04-07,09:35:35,บูรพาวิถี,ปกติ,0,1,0,0,สาเหตุจากสภาพรถ/ถนน
2016-03-31,20:00:00,บูรพาวิถี,ปกติ,0,0,0,0,สาเหตุจากสภาพรถ/ถนน
2016-05-28,13:30:30,บูรพาวิถี,ปกติ,0,0,0,0,สาเหตุจากสภาพรถ/ถนน
2016-09-18,09:18:18,บูรพาวิถี,ปกติ,0,0,0,0,สาเหตุจากสภาพรถ/ถนน
2016-01-17,14:01:01,บูรพาวิถี,ปกติ,0,0,0,0,สาเหตุจากสภาพรถ/ถนน
2016-05-27,12:32:32,บูรพาวิถี,ปกติ,0,0,0,0,สาเหตุจากสภาพรถ/ถนน
2016-05-26,15:39:39,บูรพาวิถี,ปกติ,0,0,0,0,สาเหตุจากสภาพรถ/ถนน
2015-12-02,07:32:32,บูรพาวิถี,ปกติ,0,0,0,0,สาเหตุจากสภาพรถ/ถนน
2016-01-22,12:42:42,บูรพาวิถี,ปกติ,0,0,0,0,สาเหตุจากสภาพรถ/ถนน
2016-04-02,10:12:12,บูรพาวิถี,ปกติ,0,0,0,0,สาเหตุจากสภาพรถ/ถนน
2016-01-20,02:00:00,บูรพาวิถี,ปกติ,0,0,0,0,สาเหตุจากสภาพรถ/ถนน
2016-01-07,16:03:03,บูรพาวิถี,ปกติ,0,0,0,0,สาเหตุจากสภาพรถ/ถนน
2016-06-25,21:30:30,บูรพาวิถี,ปกติ,1,0,0,0,สาเหตุจากสภาพรถ/ถนน
2016-01-30,17:20:20,บูรพาวิถี,ปกติ,0,0,0,0,สาเหตุจากสภาพรถ/ถนน
2016-03-26,01:54:54,บูรพาวิถี,ปกติ,0,0,0,0,สาเหตุจากสภาพรถ/ถนน
2016-07-20,20:24:24,บูรพาวิถี,ปกติ,0,0,0,0,สาเหตุจากสภาพรถ/ถนน
2015-11-12,21:02:02,บูรพาวิถี,ปกติ,1,1,0,0,สาเหตุจากสภาพรถ/ถนน
2016-09-16,11:37:37,บูรพาวิถี,ปกติ,0,0,0,0,สาเหตุจากสภาพรถ/ถนน
2016-02-13,20:05:05,อุดรรัถยา,ปกติ,0,0,0,0,สาเหตุจากสภาพรถ/ถนน
2016-06-13,21:58:58,อุดรรัถยา,ปกติ,0,0,0,0,สาเหตุจากสภาพรถ/ถนน
2016-05-08,13:04:04,อุดรรัถยา,ปกติ,0,0,0,0,สาเหตุจากสภาพรถ/ถนน
2016-01-14,14:00:00,อุดรรัถยา,ปกติ,1,2,0,0,สาเหตุจากสภาพรถ/ถนน
2015-11-18,15:42:42,อุดรรัถยา,ปกติ,0,0,0,0,สาเหตุจากสภาพรถ/ถนน
2016-06-23,08:16:16,อุดรรัถยา,ปกติ,0,0,0,0,สาเหตุจากสภาพรถ/ถนน
2016-05-19,14:18:18,อุดรรัถยา,ปกติ,0,1,0,0,สาเหตุจากสภาพรถ/ถนน
2016-07-20,23:43:43,อุดรรัถยา,ฝนตก,0,0,0,0,สาเหตุจากสภาพรถ/ถนน
2016-09-11,12:39:39,อุดรรัถยา,ปกติ,0,0,0,0,สาเหตุจากสภาพรถ/ถนน
2016-05-19,14:18:18,อุดรรัถยา,ปกติ,0,1,0,0,สาเหตุจากสภาพรถ/ถนน
2016-07-16,15:24:24,อุดรรัถยา,ปกติ,0,0,0,0,สาเหตุจากสภาพรถ/ถนน
2016-08-31,21:31:31,เฉลิมมหานคร,ปกติ,0,0,0,0,สาเหตุจากสภาพรถ/ถนน
2015-11-07,19:06:06,เฉลิมมหานคร,ปกติ,0,0,0,0,สาเหตุจากสภาพรถ/ถนน
2016-06-24,23:51:51,เฉลิมมหานคร,ปกติ,0,0,0,0,สาเหตุจากสภาพรถ/ถนน
2016-03-07,18:54:54,เฉลิมมหานคร,ปกติ,0,4,0,0,สาเหตุจากสภาพรถ/ถนน
2016-09-04,16:48:48,เฉลิมมหานคร,ถนนเปียกลื่น,0,0,0,0,สาเหตุจากสภาพรถ/ถนน
2016-08-09,18:00:00,เฉลิมมหานคร,ปกติ,0,0,0,0,สาเหตุจากสภาพรถ/ถนน
2016-06-06,21:00:00,เฉลิมมหานคร,ปกติ,0,0,0,0,สาเหตุจากสภาพรถ/ถนน
2016-05-31,04:15:15,เฉลิมมหานคร,ฝนตก,0,0,0,0,สาเหตุจากสภาพรถ/ถนน
2015-12-08,20:26:26,เฉลิมมหานคร,ปกติ,0,0,0,0,สาเหตุจากสภาพรถ/ถนน
2016-09-22,11:41:41,เฉลิมมหานคร,ปกติ,0,0,0,0,สาเหตุจากสภาพรถ/ถนน
2016-09-12,01:45:45,เฉลิมมหานคร,ฝนตก,0,0,0,0,สาเหตุจากสภาพรถ/ถนน
2015-11-19,12:45:45,เฉลิมมหานคร,ปกติ,0,0,0,0,สาเหตุจากสภาพรถ/ถนน
2016-08-19,06:20:20,เฉลิมมหานคร,ปกติ,0,0,0,0,สาเหตุจากสภาพรถ/ถนน
2016-01-19,01:13:13,เฉลิมมหานคร,ปกติ,0,0,0,0,สาเหตุจากสภาพรถ/ถนน
2015-12-28,20:40:40,เฉลิมมหานคร,ปกติ,0,0,0,0,สาเหตุจากสภาพรถ/ถนน
2016-04-29,22:25:25,เฉลิมมหานคร,ปกติ,0,0,0,0,สาเหตุจากสภาพรถ/ถนน
2016-07-04,20:12:12,บางพลี-สุขสวัสดิ์,ปกติ,0,0,0,0,สาเหตุจากสภาพรถ/ถนน
2016-06-06,13:18:18,บางพลี-สุขสวัสดิ์,ปกติ,0,0,0,0,สาเหตุจากสภาพรถ/ถนน
2016-06-20,14:16:16,บางพลี-สุขสวัสดิ์,ปกติ,0,0,0,0,สาเหตุจากสภาพรถ/ถนน
2016-08-22,14:55:55,บางพลี-สุขสวัสดิ์,ปกติ,0,0,0,0,สาเหตุจากสภาพรถ/ถนน
2016-05-21,17:42:42,บางพลี-สุขสวัสดิ์,ปกติ,0,0,0,0,สาเหตุจากสภาพรถ/ถนน
2016-04-11,16:39:39,บางพลี-สุขสวัสดิ์,ปกติ,0,0,0,0,สาเหตุจากสภาพรถ/ถนน
2016-04-27,02:28:28,บางพลี-สุขสวัสดิ์,ปกติ,0,0,0,0,สาเหตุจากสภาพรถ/ถนน
2016-05-02,22:30:30,บางพลี-สุขสวัสดิ์,ปกติ,0,0,0,0,สาเหตุจากสภาพรถ/ถนน
2016-09-20,10:27:27,บางพลี-สุขสวัสดิ์,ปกติ,0,0,0,0,สาเหตุจากสภาพรถ/ถนน
2016-05-18,02:59:59,บางพลี-สุขสวัสดิ์,ฝนตก,0,1,0,0,สาเหตุจากสภาพรถ/ถนน
2016-06-10,13:00:00,บางพลี-สุขสวัสดิ์,ปกติ,0,0,0,0,สาเหตุจากสภาพรถ/ถนน
2016-01-08,08:04:04,บางพลี-สุขสวัสดิ์,ฝนตก,0,0,0,0,สาเหตุจากสภาพรถ/ถนน
2016-06-11,14:00:00,บางพลี-สุขสวัสดิ์,ปกติ,0,0,0,0,สาเหตุจากสภาพรถ/ถนน
2016-01-16,10:42:42,บางพลี-สุขสวัสดิ์,ปกติ,0,0,0,0,สาเหตุจากสภาพรถ/ถนน
2016-03-21,15:21:21,บางพลี-สุขสวัสดิ์,ปกติ,0,0,0,0,สาเหตุจากสภาพรถ/ถนน
2016-01-24,08:25:25,บางพลี-สุขสวัสดิ์,ปกติ,8,0,0,0,สาเหตุจากสภาพรถ/ถนน
2016-02-29,20:08:08,บางพลี-สุขสวัสดิ์,ปกติ,0,0,0,0,สาเหตุจากสภาพรถ/ถนน
2016-01-17,07:14:14,บางพลี-สุขสวัสดิ์,ปกติ,0,0,0,0,สาเหตุจากสภาพรถ/ถนน
2016-01-15,22:00:00,บางพลี-สุขสวัสดิ์,ปกติ,0,0,0,0,สาเหตุจากสภาพรถ/ถนน
2016-05-15,17:21:21,บางพลี-สุขสวัสดิ์,ปกติ,0,0,0,0,สาเหตุจากสภาพรถ/ถนน
2015-10-15,07:25:25,บางพลี-สุขสวัสดิ์,ปกติ,0,0,0,0,สาเหตุจากสภาพรถ/ถนน
2015-10-20,05:12:12,บางพลี-สุขสวัสดิ์,ปกติ,1,0,0,0,สาเหตุจากสภาพรถ/ถนน
2016-04-06,14:30:30,บางพลี-สุขสวัสดิ์,ปกติ,2,0,0,0,สาเหตุจากสภาพรถ/ถนน
2016-05-21,17:42:42,บางพลี-สุขสวัสดิ์,ปกติ,0,0,0,0,สาเหตุจากสภาพรถ/ถนน
2016-01-05,06:38:38,บางพลี-สุขสวัสดิ์,ปกติ,0,1,0,0,สาเหตุจากสภาพรถ/ถนน
2016-08-06,15:21:21,บางพลี-สุขสวัสดิ์,ปกติ,0,0,0,0,สาเหตุจากสภาพรถ/ถนน
2016-02-26,23:13:13,บางพลี-สุขสวัสดิ์,ปกติ,0,0,0,0,สาเหตุจากสภาพรถ/ถนน
2015-12-11,12:43:43,บางพลี-สุขสวัสดิ์,ปกติ,0,0,0,0,สาเหตุจากสภาพรถ/ถนน
2016-04-05,15:37:37,บางพลี-สุขสวัสดิ์,ปกติ,0,0,0,0,สาเหตุจากสภาพรถ/ถนน
2015-11-09,17:02:02,บางพลี-สุขสวัสดิ์,ปกติ,1,0,0,0,สาเหตุจากสภาพรถ/ถนน
2016-01-07,04:22:22,บางพลี-สุขสวัสดิ์,ปกติ,0,0,0,0,สาเหตุจากสภาพรถ/ถนน
2016-04-08,22:46:46,บางพลี-สุขสวัสดิ์,ปกติ,0,0,0,0,สาเหตุจากสภาพรถ/ถนน
2016-01-16,05:18:18,บางพลี-สุขสวัสดิ์,ปกติ,0,0,0,0,สาเหตุจากสภาพรถ/ถนน
2016-06-30,17:23:23,บางพลี-สุขสวัสดิ์,ปกติ,1,0,0,0,สาเหตุจากสภาพรถ/ถนน
2016-06-18,02:51:51,บางพลี-สุขสวัสดิ์,ฝนตก,3,3,0,0,สาเหตุจากสภาพรถ/ถนน
2016-05-21,17:42:42,บางพลี-สุขสวัสดิ์,ปกติ,0,0,0,0,สาเหตุจากสภาพรถ/ถนน
2016-09-13,07:53:53,ศรีรัช-วงแหวนรอบนอก,ฝนตก,0,0,0,0,สาเหตุจากสภาพรถ/ถนน
2015-10-24,21:34:34,ทางหลวงพิเศษหมายเลข 37,ปกติ,0,0,0,0,สาเหตุจากสภาพรถ/ถนน
2016-03-06,13:28:28,ทางหลวงพิเศษหมายเลข 37,ปกติ,0,0,0,0,สาเหตุจากสภาพรถ/ถนน
2016-09-02,10:01:01,ทางหลวงพิเศษหมายเลข 37,ปกติ,0,0,0,0,สาเหตุจากสภาพรถ/ถนน
2015-12-10,13:21:21,ทางหลวงพิเศษหมายเลข 37,ปกติ,0,0,0,0,สาเหตุจากสภาพรถ/ถนน
2015-11-18,17:02:02,ทางหลวงพิเศษหมายเลข 37,ปกติ,0,0,0,0,สาเหตุจากสภาพรถ/ถนน
2016-02-29,12:17:17,ทางหลวงพิเศษหมายเลข 37,ปกติ,0,0,0,0,สาเหตุจากสภาพรถ/ถนน
2016-03-09,07:56:56,ทางหลวงพิเศษหมายเลข 37,ปกติ,0,0,0,0,สาเหตุจากสภาพรถ/ถนน
2016-01-26,18:57:57,ทางหลวงพิเศษหมายเลข 37,ปกติ,0,0,0,0,สาเหตุจากสภาพรถ/ถนน
2016-03-08,21:46:46,ทางหลวงพิเศษหมายเลข 37,ปกติ,0,0,0,0,สาเหตุจากสภาพรถ/ถนน
2016-03-19,09:01:01,ทางหลวงพิเศษหมายเลข 37,ปกติ,2,0,0,0,สาเหตุจากสภาพรถ/ถนน
2016-03-12,03:00:00,ทางหลวงพิเศษหมายเลข 37,ปกติ,0,1,0,0,สาเหตุจากสภาพรถ/ถนน
2016-06-05,17:25:25,ทางหลวงพิเศษหมายเลข 37,ปกติ,1,0,0,0,สาเหตุจากสภาพรถ/ถนน
2016-02-21,10:52:52,ทางหลวงพิเศษหมายเลข 37,ปกติ,0,0,0,0,สาเหตุจากสภาพรถ/ถนน
2015-10-19,23:05:05,ทางหลวงพิเศษหมายเลข 37,ปกติ,0,0,0,0,สาเหตุจากสภาพรถ/ถนน
2016-02-25,09:56:56,ทางหลวงพิเศษหมายเลข 37,ปกติ,0,0,0,0,สาเหตุจากสภาพรถ/ถนน
2015-12-26,08:20:20,ทางหลวงพิเศษหมายเลข 37,ปกติ,0,0,0,0,สาเหตุจากสภาพรถ/ถนน
2016-07-02,04:12:12,ทางหลวงพิเศษหมายเลข 37,ปกติ,0,1,0,0,สาเหตุจากสภาพรถ/ถนน
2015-12-14,23:28:28,ทางหลวงพิเศษหมายเลข 37,ปกติ,1,0,0,0,สาเหตุจากสภาพรถ/ถนน
2016-03-20,17:14:14,ทางหลวงพิเศษหมายเลข 37,ปกติ,0,0,0,0,สาเหตุจากสภาพรถ/ถนน
2016-04-03,12:32:32,ทางหลวงพิเศษหมายเลข 37,ปกติ,0,0,0,0,สาเหตุจากสภาพรถ/ถนน
2016-02-18,11:53:53,ทางหลวงพิเศษหมายเลข 37,ปกติ,2,3,0,0,สาเหตุจากสภาพรถ/ถนน
2016-06-13,14:28:28,ทางหลวงพิเศษหมายเลข 37,ปกติ,0,0,0,0,สาเหตุจากสภาพรถ/ถนน
2016-06-07,19:22:22,ศรีรัช,ปกติ,0,0,0,0,ฝ่าฝืนสัญญาณ/ป้ายจราจร
2016-07-27,05:15:15,ศรีรัช,ปกติ,1,0,0,0,ฝ่าฝืนสัญญาณ/ป้ายจราจร
2015-12-21,17:00:00,ศรีรัช,ปกติ,0,0,0,0,ฝ่าฝืนสัญญาณ/ป้ายจราจร
2016-08-13,01:00:00,บูรพาวิถี,ปกติ,1,0,0,0,ฝ่าฝืนสัญญาณ/ป้ายจราจร
2016-01-30,16:43:43,บูรพาวิถี,ปกติ,0,0,0,0,ฝ่าฝืนสัญญาณ/ป้ายจราจร
2016-09-19,05:26:26,บูรพาวิถี,ปกติ,0,0,0,0,ฝ่าฝืนสัญญาณ/ป้ายจราจร
2016-05-06,21:38:38,บูรพาวิถี,ปกติ,0,0,0,0,ฝ่าฝืนสัญญาณ/ป้ายจราจร
2016-05-30,01:39:39,บางพลี-สุขสวัสดิ์,ปกติ,0,0,0,0,ฝ่าฝืนสัญญาณ/ป้ายจราจร
2015-11-02,08:20:20,บางพลี-สุขสวัสดิ์,ปกติ,2,0,0,0,ฝ่าฝืนสัญญาณ/ป้ายจราจร
2016-02-20,09:32:32,บางพลี-สุขสวัสดิ์,ปกติ,0,0,0,0,ฝ่าฝืนสัญญาณ/ป้ายจราจร
2015-11-18,07:00:00,ทางหลวงพิเศษหมายเลข 37,ปกติ,0,0,0,0,ฝ่าฝืนสัญญาณ/ป้ายจราจร
2016-08-18,07:19:19,S1,ปกติ,0,0,0,0,เปลี่ยนช่องทางกระทันหัน
2016-09-29,13:10:10,ศรีรัช,ปกติ,1,0,0,0,เปลี่ยนช่องทางกระทันหัน
2016-01-15,08:23:23,ศรีรัช,ปกติ,0,0,0,0,เปลี่ยนช่องทางกระทันหัน
2016-02-13,10:50:50,ศรีรัช,ปกติ,0,0,0,0,เปลี่ยนช่องทางกระทันหัน
2016-08-08,14:25:25,ศรีรัช,ปกติ,0,0,0,0,เปลี่ยนช่องทางกระทันหัน
2016-09-23,13:48:48,ศรีรัช,ปกติ,0,0,0,0,เปลี่ยนช่องทางกระทันหัน
2016-01-20,20:26:26,ศรีรัช,ปกติ,0,0,0,0,เปลี่ยนช่องทางกระทันหัน
2016-08-27,23:48:48,ศรีรัช,ปกติ,1,0,0,0,เปลี่ยนช่องทางกระทันหัน
2016-01-19,21:45:45,ศรีรัช,ปกติ,0,1,0,0,เปลี่ยนช่องทางกระทันหัน
2016-01-11,20:24:24,ศรีรัช,ปกติ,0,0,0,0,เปลี่ยนช่องทางกระทันหัน
2016-07-11,08:10:10,ศรีรัช,ปกติ,0,0,0,0,เปลี่ยนช่องทางกระทันหัน
2016-02-05,17:28:28,ศรีรัช,ปกติ,1,0,0,0,เปลี่ยนช่องทางกระทันหัน
2016-04-15,02:04:04,ศรีรัช,ปกติ,0,0,0,0,เปลี่ยนช่องทางกระทันหัน
2016-09-13,17:49:49,ศรีรัช,ฝนตก,0,1,0,0,เปลี่ยนช่องทางกระทันหัน
2015-11-27,00:35:35,ศรีรัช,ปกติ,0,0,0,0,เปลี่ยนช่องทางกระทันหัน
2016-08-27,08:57:57,ศรีรัช,ปกติ,0,0,0,0,เปลี่ยนช่องทางกระทันหัน
2016-03-23,14:48:48,ศรีรัช,ปกติ,0,0,0,0,เปลี่ยนช่องทางกระทันหัน
2015-11-03,09:10:10,ศรีรัช,ปกติ,0,0,0,0,เปลี่ยนช่องทางกระทันหัน
2015-12-23,16:29:29,ศรีรัช,ปกติ,0,0,0,0,เปลี่ยนช่องทางกระทันหัน
2016-04-02,19:45:45,ศรีรัช,ปกติ,0,0,0,0,เปลี่ยนช่องทางกระทันหัน
2016-04-23,03:41:41,ศรีรัช,ปกติ,5,0,0,0,เปลี่ยนช่องทางกระทันหัน
2016-08-10,17:17:17,ศรีรัช,ปกติ,0,1,0,0,เปลี่ยนช่องทางกระทันหัน
2016-03-20,10:26:26,ศรีรัช,ปกติ,0,0,0,0,เปลี่ยนช่องทางกระทันหัน
2015-11-24,16:51:51,ศรีรัช,ปกติ,0,0,0,0,เปลี่ยนช่องทางกระทันหัน
2016-07-11,14:00:00,ศรีรัช,ปกติ,0,0,0,0,เปลี่ยนช่องทางกระทันหัน
2015-10-02,19:43:43,ศรีรัช,ปกติ,0,0,0,0,เปลี่ยนช่องทางกระทันหัน
2016-08-11,07:32:32,ศรีรัช,ปกติ,0,0,0,0,เปลี่ยนช่องทางกระทันหัน
2016-06-16,21:46:46,ศรีรัช,ปกติ,0,0,0,0,เปลี่ยนช่องทางกระทันหัน
2016-02-03,07:23:23,ศรีรัช,ปกติ,1,2,0,0,เปลี่ยนช่องทางกระทันหัน
2016-07-28,14:57:57,ศรีรัช,ปกติ,0,0,0,0,เปลี่ยนช่องทางกระทันหัน
2016-03-02,07:45:45,ศรีรัช,ปกติ,1,0,0,0,เปลี่ยนช่องทางกระทันหัน
2016-08-25,12:47:47,ศรีรัช,ปกติ,0,1,0,0,เปลี่ยนช่องทางกระทันหัน
2016-07-30,10:08:08,ศรีรัช,ปกติ,0,0,0,0,เปลี่ยนช่องทางกระทันหัน
2016-06-07,14:58:58,ศรีรัช,ปกติ,0,0,0,0,เปลี่ยนช่องทางกระทันหัน
2016-01-29,09:04:04,ศรีรัช,ปกติ,0,1,0,0,เปลี่ยนช่องทางกระทันหัน
2016-03-07,18:47:47,ศรีรัช,ปกติ,0,0,0,0,เปลี่ยนช่องทางกระทันหัน
2016-05-29,22:52:52,ศรีรัช,ปกติ,0,1,0,0,เปลี่ยนช่องทางกระทันหัน
2016-05-15,23:08:08,ฉลองรัช,ปกติ,0,0,1,0,เปลี่ยนช่องทางกระทันหัน
2016-08-12,12:54:54,ฉลองรัช,ปกติ,0,0,0,0,เปลี่ยนช่องทางกระทันหัน
2015-11-08,23:17:17,ฉลองรัช,ปกติ,0,0,0,0,เปลี่ยนช่องทางกระทันหัน
2016-08-21,19:25:25,ฉลองรัช,ปกติ,0,0,0,0,เปลี่ยนช่องทางกระทันหัน
2016-02-24,02:20:20,ฉลองรัช,ปกติ,0,1,0,0,เปลี่ยนช่องทางกระทันหัน
2016-09-17,09:54:54,ฉลองรัช,ปกติ,1,0,0,0,เปลี่ยนช่องทางกระทันหัน
2016-05-21,16:41:41,ฉลองรัช,ปกติ,0,0,0,0,เปลี่ยนช่องทางกระทันหัน
2015-11-19,18:40:40,ฉลองรัช,ปกติ,0,0,0,0,เปลี่ยนช่องทางกระทันหัน
2016-09-03,03:12:12,ฉลองรัช,ปกติ,0,0,0,0,เปลี่ยนช่องทางกระทันหัน
2016-04-23,05:00:00,ฉลองรัช,ปกติ,0,0,0,0,เปลี่ยนช่องทางกระทันหัน
2016-02-03,08:25:25,ฉลองรัช,ปกติ,0,0,0,0,เปลี่ยนช่องทางกระทันหัน
2016-09-17,17:29:29,ฉลองรัช,ปกติ,0,0,0,0,เปลี่ยนช่องทางกระทันหัน
2016-04-01,08:20:20,ฉลองรัช,ปกติ,0,0,0,0,เปลี่ยนช่องทางกระทันหัน
2015-10-13,22:15:15,ฉลองรัช,ปกติ,0,1,0,0,เปลี่ยนช่องทางกระทันหัน
2016-03-18,20:13:13,ฉลองรัช,ปกติ,0,0,0,0,เปลี่ยนช่องทางกระทันหัน
2016-01-11,07:54:54,ฉลองรัช,ปกติ,0,0,0,0,เปลี่ยนช่องทางกระทันหัน
2016-04-01,23:45:45,ฉลองรัช,ปกติ,0,0,0,0,เปลี่ยนช่องทางกระทันหัน
2016-06-08,11:23:23,ฉลองรัช,ปกติ,0,1,0,0,เปลี่ยนช่องทางกระทันหัน
2016-08-22,07:55:55,ฉลองรัช,ปกติ,0,0,0,0,เปลี่ยนช่องทางกระทันหัน
2016-08-02,14:47:47,ฉลองรัช,ปกติ,0,0,0,0,เปลี่ยนช่องทางกระทันหัน
2016-07-03,00:50:50,ฉลองรัช,ปกติ,0,2,0,0,เปลี่ยนช่องทางกระทันหัน
2016-02-15,21:52:52,ฉลองรัช,ปกติ,0,0,0,0,เปลี่ยนช่องทางกระทันหัน
2016-06-15,00:28:28,ฉลองรัช,ปกติ,0,0,0,0,เปลี่ยนช่องทางกระทันหัน
2016-06-20,16:53:53,ฉลองรัช,ปกติ,0,0,0,0,เปลี่ยนช่องทางกระทันหัน
2016-02-13,18:33:33,ฉลองรัช,ปกติ,0,0,0,0,เปลี่ยนช่องทางกระทันหัน
2016-05-17,05:15:15,ฉลองรัช,ปกติ,1,0,0,0,เปลี่ยนช่องทางกระทันหัน
2015-11-25,15:48:48,ฉลองรัช,ปกติ,0,0,0,0,เปลี่ยนช่องทางกระทันหัน
2016-01-22,18:01:01,บูรพาวิถี,ปกติ,0,0,0,0,เปลี่ยนช่องทางกระทันหัน
2016-03-26,10:03:03,บูรพาวิถี,ปกติ,0,0,0,0,เปลี่ยนช่องทางกระทันหัน
2015-10-24,16:29:29,บูรพาวิถี,ปกติ,0,0,0,0,เปลี่ยนช่องทางกระทันหัน
2016-08-16,18:34:34,บูรพาวิถี,ปกติ,0,0,0,0,เปลี่ยนช่องทางกระทันหัน
2016-02-20,05:14:14,บูรพาวิถี,ปกติ,0,0,0,0,เปลี่ยนช่องทางกระทันหัน
2016-02-13,20:30:30,บูรพาวิถี,ปกติ,0,0,0,0,เปลี่ยนช่องทางกระทันหัน
2016-08-22,14:21:21,บูรพาวิถี,ปกติ,0,1,0,0,เปลี่ยนช่องทางกระทันหัน
2016-06-09,18:00:00,บูรพาวิถี,ปกติ,0,0,0,0,เปลี่ยนช่องทางกระทันหัน
2015-12-21,08:48:48,บูรพาวิถี,ปกติ,0,0,0,0,เปลี่ยนช่องทางกระทันหัน
2015-10-04,07:18:18,บูรพาวิถี,ปกติ,0,0,0,0,เปลี่ยนช่องทางกระทันหัน
2016-09-30,05:28:28,อุดรรัถยา,ปกติ,0,0,0,0,เปลี่ยนช่องทางกระทันหัน
2016-09-16,08:53:53,อุดรรัถยา,ปกติ,3,0,0,0,เปลี่ยนช่องทางกระทันหัน
2016-09-26,14:36:36,อุดรรัถยา,ปกติ,0,2,0,0,เปลี่ยนช่องทางกระทันหัน
2016-09-16,15:19:19,อุดรรัถยา,ปกติ,0,0,0,0,เปลี่ยนช่องทางกระทันหัน
2016-08-09,18:07:07,อุดรรัถยา,ปกติ,0,0,0,0,เปลี่ยนช่องทางกระทันหัน
2016-09-01,17:45:45,อุดรรัถยา,ปกติ,0,0,0,0,เปลี่ยนช่องทางกระทันหัน
2016-05-10,19:14:14,อุดรรัถยา,ปกติ,0,0,0,0,เปลี่ยนช่องทางกระทันหัน
2016-05-27,17:11:11,อุดรรัถยา,ปกติ,0,0,0,0,เปลี่ยนช่องทางกระทันหัน
2016-02-06,20:00:00,อุดรรัถยา,ปกติ,0,0,0,0,เปลี่ยนช่องทางกระทันหัน
2016-08-24,13:52:52,อุดรรัถยา,ปกติ,0,0,0,0,เปลี่ยนช่องทางกระทันหัน
2016-08-09,18:55:55,อุดรรัถยา,ฝนตก,0,0,0,0,เปลี่ยนช่องทางกระทันหัน
2015-11-21,19:30:30,อุดรรัถยา,ปกติ,0,0,0,0,เปลี่ยนช่องทางกระทันหัน
2016-08-18,15:26:26,อุดรรัถยา,ปกติ,0,0,0,0,เปลี่ยนช่องทางกระทันหัน
2016-08-27,00:35:35,อุดรรัถยา,ปกติ,1,0,0,0,เปลี่ยนช่องทางกระทันหัน
2016-04-27,10:46:46,อุดรรัถยา,ปกติ,0,0,0,0,เปลี่ยนช่องทางกระทันหัน
2015-11-24,09:41:41,อุดรรัถยา,ปกติ,0,0,0,0,เปลี่ยนช่องทางกระทันหัน
2016-01-20,22:44:44,เฉลิมมหานคร,ปกติ,0,0,0,0,เปลี่ยนช่องทางกระทันหัน
2016-03-15,08:45:45,เฉลิมมหานคร,ปกติ,0,0,0,0,เปลี่ยนช่องทางกระทันหัน
2016-02-07,20:46:46,เฉลิมมหานคร,ปกติ,0,0,0,0,เปลี่ยนช่องทางกระทันหัน
2015-10-05,14:40:40,เฉลิมมหานคร,ปกติ,0,0,0,0,เปลี่ยนช่องทางกระทันหัน
2015-10-10,04:07:07,เฉลิมมหานคร,ปกติ,0,0,0,0,เปลี่ยนช่องทางกระทันหัน
2015-11-03,20:25:25,เฉลิมมหานคร,ปกติ,0,0,0,0,เปลี่ยนช่องทางกระทันหัน
2015-12-30,12:50:50,เฉลิมมหานคร,ปกติ,0,1,0,0,เปลี่ยนช่องทางกระทันหัน
2016-07-26,12:23:23,เฉลิมมหานคร,ปกติ,0,0,0,0,เปลี่ยนช่องทางกระทันหัน
2016-07-03,18:10:10,เฉลิมมหานคร,ปกติ,0,0,0,0,เปลี่ยนช่องทางกระทันหัน
2015-11-27,00:31:31,เฉลิมมหานคร,ปกติ,0,1,0,0,เปลี่ยนช่องทางกระทันหัน
2016-06-18,10:40:40,เฉลิมมหานคร,ปกติ,0,0,0,0,เปลี่ยนช่องทางกระทันหัน
2016-07-25,16:00:00,เฉลิมมหานคร,ปกติ,0,0,0,0,เปลี่ยนช่องทางกระทันหัน
2016-09-05,20:28:28,เฉลิมมหานคร,ปกติ,1,0,0,0,เปลี่ยนช่องทางกระทันหัน
2016-01-09,15:50:50,เฉลิมมหานคร,ปกติ,0,2,0,0,เปลี่ยนช่องทางกระทันหัน
2016-08-25,05:00:00,เฉลิมมหานคร,ปกติ,0,0,0,0,เปลี่ยนช่องทางกระทันหัน
2016-01-11,22:20:20,เฉลิมมหานคร,ปกติ,1,0,0,0,เปลี่ยนช่องทางกระทันหัน
2016-09-09,17:19:19,บางพลี-สุขสวัสดิ์,ปกติ,0,0,0,0,เปลี่ยนช่องทางกระทันหัน
2015-12-11,21:25:25,บางพลี-สุขสวัสดิ์,ปกติ,0,0,0,0,เปลี่ยนช่องทางกระทันหัน
2015-10-23,12:47:47,บางพลี-สุขสวัสดิ์,ปกติ,0,0,0,0,เปลี่ยนช่องทางกระทันหัน
2016-04-14,13:10:10,บางพลี-สุขสวัสดิ์,ปกติ,0,0,0,0,เปลี่ยนช่องทางกระทันหัน
2016-08-08,10:48:48,บางพลี-สุขสวัสดิ์,ปกติ,0,0,0,0,เปลี่ยนช่องทางกระทันหัน
2016-02-20,04:55:55,บางพลี-สุขสวัสดิ์,ปกติ,0,0,0,0,เปลี่ยนช่องทางกระทันหัน
2015-11-20,06:08:08,บางพลี-สุขสวัสดิ์,ปกติ,0,0,0,0,เปลี่ยนช่องทางกระทันหัน
2016-02-20,13:36:36,บางพลี-สุขสวัสดิ์,ปกติ,0,0,0,0,เปลี่ยนช่องทางกระทันหัน
2015-11-12,09:46:46,บางพลี-สุขสวัสดิ์,ปกติ,0,0,0,0,เปลี่ยนช่องทางกระทันหัน
2016-07-23,06:24:24,บางพลี-สุขสวัสดิ์,ปกติ,0,0,0,0,เปลี่ยนช่องทางกระทันหัน
2016-08-10,22:24:24,บางพลี-สุขสวัสดิ์,ปกติ,0,0,0,0,เปลี่ยนช่องทางกระทันหัน
2016-04-11,19:58:58,บางพลี-สุขสวัสดิ์,ปกติ,1,2,0,0,เปลี่ยนช่องทางกระทันหัน
2016-01-08,18:35:35,บางพลี-สุขสวัสดิ์,ปกติ,0,0,0,0,เปลี่ยนช่องทางกระทันหัน
2016-09-14,02:32:32,บางพลี-สุขสวัสดิ์,ปกติ,0,0,0,0,เปลี่ยนช่องทางกระทันหัน
2016-01-23,11:54:54,บางพลี-สุขสวัสดิ์,ปกติ,0,0,0,0,เปลี่ยนช่องทางกระทันหัน
2016-06-07,12:58:58,บางพลี-สุขสวัสดิ์,ปกติ,0,0,0,0,เปลี่ยนช่องทางกระทันหัน
2016-09-18,20:35:35,บางพลี-สุขสวัสดิ์,ปกติ,0,1,0,0,เปลี่ยนช่องทางกระทันหัน
2016-05-16,06:49:49,บางพลี-สุขสวัสดิ์,ปกติ,0,0,0,0,เปลี่ยนช่องทางกระทันหัน
2016-05-19,06:11:11,บางพลี-สุขสวัสดิ์,ปกติ,0,0,0,0,เปลี่ยนช่องทางกระทันหัน
2016-03-04,11:44:44,บางพลี-สุขสวัสดิ์,ปกติ,0,0,0,0,เปลี่ยนช่องทางกระทันหัน
2015-10-07,14:38:38,บางพลี-สุขสวัสดิ์,ปกติ,0,0,0,0,เปลี่ยนช่องทางกระทันหัน
2016-07-10,17:12:12,บางพลี-สุขสวัสดิ์,ปกติ,0,0,0,0,เปลี่ยนช่องทางกระทันหัน
2016-06-17,09:22:22,บางพลี-สุขสวัสดิ์,ฝนตก,0,0,0,0,เปลี่ยนช่องทางกระทันหัน
2016-06-21,03:38:38,บางพลี-สุขสวัสดิ์,ฝนตก,0,0,0,0,เปลี่ยนช่องทางกระทันหัน
2016-02-06,15:51:51,บางพลี-สุขสวัสดิ์,ปกติ,0,0,0,0,เปลี่ยนช่องทางกระทันหัน
2016-06-15,21:22:22,บางพลี-สุขสวัสดิ์,ปกติ,0,0,0,0,เปลี่ยนช่องทางกระทันหัน
2016-09-16,12:02:02,บางพลี-สุขสวัสดิ์,ปกติ,0,0,0,0,เปลี่ยนช่องทางกระทันหัน
2016-08-20,18:10:10,บางพลี-สุขสวัสดิ์,ปกติ,0,0,0,0,เปลี่ยนช่องทางกระทันหัน
2016-06-06,01:39:39,บางพลี-สุขสวัสดิ์,ปกติ,1,0,0,0,เปลี่ยนช่องทางกระทันหัน
2016-07-16,08:27:27,บางพลี-สุขสวัสดิ์,ปกติ,2,0,0,0,เปลี่ยนช่องทางกระทันหัน
2016-07-23,14:45:45,บางพลี-สุขสวัสดิ์,ปกติ,0,0,0,0,เปลี่ยนช่องทางกระทันหัน
2016-08-18,10:09:09,บางพลี-สุขสวัสดิ์,ปกติ,0,0,0,0,เปลี่ยนช่องทางกระทันหัน
2015-11-12,17:05:05,บางพลี-สุขสวัสดิ์,ปกติ,0,1,0,0,เปลี่ยนช่องทางกระทันหัน
2016-07-04,09:08:08,บางพลี-สุขสวัสดิ์,ปกติ,0,0,0,0,เปลี่ยนช่องทางกระทันหัน
2016-03-24,05:32:32,ทางหลวงพิเศษหมายเลข 37,ปกติ,0,0,0,0,เปลี่ยนช่องทางกระทันหัน
2016-06-02,11:58:58,ทางหลวงพิเศษหมายเลข 37,ปกติ,0,0,0,0,เปลี่ยนช่องทางกระทันหัน
2015-11-22,22:27:27,ทางหลวงพิเศษหมายเลข 37,ปกติ,0,0,0,0,เปลี่ยนช่องทางกระทันหัน
2015-11-18,03:10:10,ทางหลวงพิเศษหมายเลข 37,ปกติ,0,0,0,0,เปลี่ยนช่องทางกระทันหัน
2016-08-19,18:05:05,ทางหลวงพิเศษหมายเลข 37,ปกติ,0,0,0,0,เปลี่ยนช่องทางกระทันหัน
2016-09-09,14:44:44,ทางหลวงพิเศษหมายเลข 37,ปกติ,0,0,0,0,เปลี่ยนช่องทางกระทันหัน
2016-09-01,16:57:57,ทางหลวงพิเศษหมายเลข 37,ปกติ,0,1,0,0,เปลี่ยนช่องทางกระทันหัน
2016-08-20,19:00:00,ทางหลวงพิเศษหมายเลข 37,ปกติ,0,0,0,0,เปลี่ยนช่องทางกระทันหัน
2016-08-19,12:42:42,ทางหลวงพิเศษหมายเลข 37,ปกติ,0,1,0,0,เปลี่ยนช่องทางกระทันหัน
2016-08-09,17:22:22,ทางหลวงพิเศษหมายเลข 37,ปกติ,1,0,0,0,เปลี่ยนช่องทางกระทันหัน
2015-11-02,09:22:22,ทางหลวงพิเศษหมายเลข 37,ปกติ,0,1,0,0,เปลี่ยนช่องทางกระทันหัน
2016-02-13,23:49:49,ทางหลวงพิเศษหมายเลข 37,ปกติ,3,0,0,0,เปลี่ยนช่องทางกระทันหัน
